time_sec,hip_L_Joint,hip_R_Joint,thigh_L_Joint,thigh_R_Joint,knee_L_Joint,knee_R_Joint,wheel_L_Joint,wheel_R_Joint
2553.764942918,0.0099,0.0052,1.0658,-1.0425,2.1012,-2.0972,2.1789,-2.289
2553.769942918,0.0099,0.0053,1.0641,-1.0408,2.1013,-2.0972,2.1839,-2.2941
2553.774942918,0.0099,0.0052,1.0625,-1.0391,2.1014,-2.0972,2.189,-2.2993
2553.779942918,0.0099,0.0053,1.0608,-1.0374,2.1014,-2.0973,2.1942,-2.3045
2553.784942918,0.0099,0.0052,1.0591,-1.0356,2.1015,-2.0973,2.1995,-2.3099
2553.789942918,0.0099,0.0053,1.0573,-1.0338,2.1015,-2.0973,2.2049,-2.3154
2553.794942918,0.0099,0.0052,1.0556,-1.032,2.1016,-2.0973,2.2104,-2.321
2553.799942918,0.0099,0.0053,1.0537,-1.0301,2.1017,-2.0973,2.2159,-2.3266
2553.804942918,0.0099,0.0052,1.0519,-1.0282,2.1017,-2.0973,2.2216,-2.3324
2553.809942917,0.0099,0.0053,1.05,-1.0263,2.1018,-2.0973,2.2273,-2.3382
2553.814942917,0.0099,0.0052,1.0481,-1.0243,2.1018,-2.0973,2.2332,-2.3442
2553.819942917,0.0099,0.0053,1.0462,-1.0223,2.1018,-2.0973,2.2391,-2.3502
2553.824942917,0.0099,0.0052,1.0442,-1.0202,2.1019,-2.0973,2.2451,-2.3564
2553.829942917,0.0099,0.0053,1.0422,-1.0182,2.1019,-2.0973,2.2512,-2.3626
2553.834942917,0.0099,0.0052,1.0401,-1.0161,2.1019,-2.0972,2.2575,-2.3689
2553.839942917,0.0099,0.0052,1.038,-1.0139,2.102,-2.0972,2.2638,-2.3753
2553.844942917,0.0099,0.0053,1.0359,-1.0117,2.102,-2.0972,2.2701,-2.3819
2553.849942917,0.0099,0.0052,1.0338,-1.0095,2.102,-2.0971,2.2766,-2.3884
2553.854942916,0.0099,0.0053,1.0316,-1.0073,2.102,-2.0971,2.2832,-2.3952
2553.859942916,0.0099,0.0052,1.0294,-1.005,2.102,-2.097,2.2899,-2.4019
2553.864942916,0.0099,0.0053,1.0271,-1.0027,2.102,-2.097,2.2967,-2.4088
2553.869942916,0.0099,0.0052,1.0249,-1.0003,2.102,-2.0969,2.3035,-2.4157
2553.874942916,0.0099,0.0052,1.0225,-0.9979,2.102,-2.0968,2.3105,-2.4228
2553.879942916,0.0099,0.0052,1.0202,-0.9956,2.102,-2.0968,2.3175,-2.4299
2553.884942916,0.0099,0.0052,1.0178,-0.9931,2.1019,-2.0967,2.3247,-2.4371
2553.889942916,0.0099,0.0053,1.0154,-0.9906,2.1019,-2.0966,2.3319,-2.4444
2553.894942915,0.0099,0.0052,1.0129,-0.9881,2.1018,-2.0965,2.3392,-2.4517
2553.899942915,0.0099,0.0053,1.0104,-0.9856,2.1018,-2.0964,2.3466,-2.4592
2553.904942915,0.0099,0.0052,1.0079,-0.983,2.1017,-2.0962,2.354,-2.4667
2553.909942915,0.0099,0.0053,1.0054,-0.9804,2.1017,-2.0961,2.3616,-2.4743
2553.914942915,0.0099,0.0052,1.0028,-0.9778,2.1016,-2.0959,2.3692,-2.482
2553.919942915,0.0099,0.0053,1.0001,-0.9751,2.1015,-2.0958,2.377,-2.4897
2553.924942915,0.0099,0.0052,0.9975,-0.9724,2.1014,-2.0956,2.3848,-2.4976
2553.929942915,0.0099,0.0053,0.9948,-0.9697,2.1013,-2.0955,2.3926,-2.5055
2553.934942915,0.0099,0.0052,0.9921,-0.967,2.1012,-2.0953,2.4006,-2.5134
2553.939942914,0.0099,0.0053,0.9894,-0.9642,2.1011,-2.0951,2.4086,-2.5215
2553.944942914,0.0099,0.0052,0.9866,-0.9614,2.101,-2.0949,2.4167,-2.5296
2553.949942914,0.0099,0.0053,0.9838,-0.9586,2.1008,-2.0947,2.4249,-2.5378
2553.954942914,0.0099,0.0052,0.9809,-0.9557,2.1007,-2.0945,2.4332,-2.546
2553.959942914,0.0099,0.0053,0.9781,-0.9528,2.1005,-2.0943,2.4415,-2.5543
2553.964942914,0.0099,0.0052,0.9752,-0.9498,2.1004,-2.094,2.4499,-2.5627
2553.969942914,0.0099,0.0053,0.9723,-0.9469,2.1002,-2.0938,2.4584,-2.5712
2553.974942914,0.0099,0.0052,0.9693,-0.9439,2.1,-2.0935,2.4669,-2.5797
2553.979942914,0.0099,0.0053,0.9663,-0.9409,2.0998,-2.0932,2.4755,-2.5882
2553.984942913,0.0099,0.0052,0.9633,-0.9379,2.0996,-2.0929,2.4842,-2.5969
2553.989942913,0.0099,0.0053,0.9603,-0.9348,2.0993,-2.0926,2.4929,-2.6056
2553.994942913,0.0099,0.0052,0.9572,-0.9317,2.0991,-2.0923,2.5018,-2.6143
2553.999942913,0.0099,0.0053,0.9541,-0.9286,2.0989,-2.092,2.5106,-2.6231
2554.004942913,0.0099,0.0052,0.9509,-0.9255,2.0986,-2.0916,2.5196,-2.632
2554.009942913,0.0099,0.0053,0.9478,-0.9224,2.0983,-2.0913,2.5286,-2.6409
2554.014942913,0.0099,0.0052,0.9446,-0.9191,2.0981,-2.0909,2.5376,-2.6499
2554.019942913,0.0099,0.0053,0.9414,-0.9159,2.0977,-2.0906,2.5467,-2.6589
2554.024942913,0.0099,0.0052,0.9382,-0.9127,2.0974,-2.0902,2.5559,-2.668
2554.029942912,0.0099,0.0053,0.9349,-0.9095,2.0971,-2.0898,2.5651,-2.6771
2554.034942912,0.0099,0.0052,0.9316,-0.9062,2.0968,-2.0893,2.5743,-2.6863
2554.039942912,0.0099,0.0053,0.9288,-0.9034,2.0965,-2.089,2.5824,-2.6942
2554.044942912,0.0099,0.0053,0.9263,-0.9009,2.0962,-2.0887,2.5894,-2.7011
2554.049942912,0.0099,0.0052,0.9242,-0.8987,2.096,-2.0884,2.5954,-2.7071
2554.054942912,0.0099,0.0053,0.9223,-0.8969,2.0958,-2.0881,2.6006,-2.7121
2554.059942912,0.0099,0.0052,0.9208,-0.8954,2.0956,-2.0879,2.6048,-2.7163
2554.064942912,0.0099,0.0053,0.9196,-0.8942,2.0954,-2.0877,2.6082,-2.7196
2554.069942912,0.0099,0.0052,0.9187,-0.8933,2.0953,-2.0876,2.6109,-2.7223
2554.074942911,0.0099,0.0052,0.9179,-0.8925,2.0952,-2.0875,2.613,-2.7243
2554.079942911,0.0099,0.0053,0.9174,-0.892,2.0952,-2.0874,2.6146,-2.7258
2554.084942911,0.0099,0.0052,0.917,-0.8916,2.0951,-2.0874,2.6156,-2.7268
2554.089942911,0.0099,0.0053,0.9168,-0.8914,2.0951,-2.0874,2.6162,-2.7274
2554.094942911,0.0099,0.0052,0.9167,-0.8913,2.0951,-2.0873,2.6164,-2.7276
2554.099942911,0.0099,0.0053,0.9167,-0.8913,2.0951,-2.0873,2.6164,-2.7276
2554.104942911,0.0099,0.0053,0.9167,-0.8914,2.0951,-2.0874,2.6162,-2.7274
2554.109942911,0.0099,0.0052,0.9169,-0.8915,2.0951,-2.0874,2.6159,-2.7271
2554.114942911,0.0099,0.0053,0.917,-0.8916,2.0951,-2.0874,2.6155,-2.7267
2554.11994291,0.0099,0.0052,0.9172,-0.8918,2.0952,-2.0874,2.615,-2.7263
2554.12494291,0.0099,0.0053,0.9174,-0.892,2.0952,-2.0874,2.6144,-2.7257
2554.12994291,0.0099,0.0052,0.9177,-0.8923,2.0952,-2.0875,2.6135,-2.725
2554.13494291,0.0099,0.0053,0.918,-0.8926,2.0953,-2.0875,2.6126,-2.7241
2554.13994291,0.0099,0.0052,0.9186,-0.8931,2.0953,-2.0876,2.6112,-2.7228
2554.14494291,0.0099,0.0053,0.9192,-0.8937,2.0954,-2.0877,2.6094,-2.721
2554.14994291,0.0099,0.0052,0.92,-0.8945,2.0955,-2.0878,2.6072,-2.7189
2554.15494291,0.0099,0.0053,0.9212,-0.8956,2.0956,-2.0879,2.6039,-2.7157
2554.15994291,0.0099,0.0052,0.9226,-0.8971,2.0958,-2.0881,2.5998,-2.7116
2554.164942909,0.0099,0.0053,0.9244,-0.8989,2.096,-2.0884,2.5948,-2.7067
2554.169942909,0.0099,0.0052,0.9264,-0.9008,2.0962,-2.0887,2.5892,-2.7012
2554.174942909,0.0099,0.0053,0.9286,-0.9031,2.0965,-2.089,2.5829,-2.6948
2554.179942909,0.0099,0.0052,0.9311,-0.9056,2.0967,-2.0893,2.5759,-2.6879
2554.184942909,0.0099,0.0053,0.9338,-0.9083,2.097,-2.0896,2.5684,-2.6804
2554.189942909,0.0099,0.0052,0.9366,-0.9111,2.0973,-2.09,2.5603,-2.6724
2554.194942909,0.0099,0.0053,0.9396,-0.9141,2.0976,-2.0903,2.5519,-2.664
2554.199942909,0.0099,0.0052,0.9427,-0.9172,2.0979,-2.0907,2.5431,-2.6553
2554.204942909,0.0099,0.0053,0.946,-0.9205,2.0982,-2.0911,2.5337,-2.646
2554.209942908,0.0099,0.0053,0.9495,-0.924,2.0985,-2.0915,2.5239,-2.6362
2554.214942908,0.0099,0.0053,0.953,-0.9276,2.0988,-2.0919,2.5137,-2.626
2554.219942908,0.0099,0.0053,0.9567,-0.9313,2.0991,-2.0923,2.5032,-2.6156
2554.224942908,0.0099,0.0053,0.9605,-0.9351,2.0994,-2.0926,2.4923,-2.6048
2554.229942908,0.0099,0.0053,0.9644,-0.939,2.0997,-2.093,2.4811,-2.5937
2554.234942908,0.0099,0.0052,0.9683,-0.943,2.0999,-2.0934,2.4698,-2.5824
2554.239942908,0.0099,0.0053,0.9724,-0.9471,2.1002,-2.0938,2.458,-2.5707
2554.244942908,0.0099,0.0053,0.9766,-0.9512,2.1004,-2.0941,2.4459,-2.5588
2554.249942908,0.0099,0.0053,0.9808,-0.9554,2.1007,-2.0945,2.4338,-2.5467
2554.254942907,0.0099,0.0053,0.9851,-0.9598,2.1009,-2.0948,2.4213,-2.5343
2554.259942907,0.0099,0.0052,0.9894,-0.9641,2.1011,-2.0951,2.4085,-2.5216
2554.264942907,0.0099,0.0053,0.9938,-0.9685,2.1013,-2.0954,2.3957,-2.5089
2554.269942907,0.0099,0.0053,0.9982,-0.9729,2.1015,-2.0957,2.3829,-2.4961
2554.274942907,0.0099,0.0053,1.0026,-0.9774,2.1016,-2.0959,2.3699,-2.4832
2554.279942907,0.0099,0.0053,1.0069,-0.9818,2.1017,-2.0961,2.3569,-2.4703
2554.284942907,0.0099,0.0053,1.0113,-0.9862,2.1018,-2.0964,2.344,-2.4575
2554.289942907,0.01,0.0053,1.0157,-0.9906,2.1019,-2.0966,2.3309,-2.4445
2554.294942907,0.0099,0.0053,1.0201,-0.995,2.102,-2.0967,2.3178,-2.4315
2554.299942906,0.0099,0.0053,1.0245,-0.9994,2.102,-2.0969,2.3047,-2.4185
2554.304942906,0.01,0.0053,1.0289,-1.0038,2.102,-2.097,2.2916,-2.4054
2554.309942906,0.01,0.0053,1.0332,-1.0082,2.102,-2.0971,2.2784,-2.3923
2554.314942906,0.01,0.0053,1.0375,-1.0126,2.102,-2.0972,2.2653,-2.3794
2554.319942906,0.01,0.0053,1.0418,-1.0168,2.1019,-2.0973,2.2524,-2.3666
2554.324942906,0.01,0.0053,1.046,-1.0211,2.1018,-2.0973,2.2395,-2.3538
2554.329942906,0.01,0.0053,1.0502,-1.0253,2.1018,-2.0973,2.2268,-2.3412
2554.334942906,0.0099,0.0053,1.0543,-1.0294,2.1016,-2.0973,2.2142,-2.3287
2554.339942906,0.0099,0.0053,1.0584,-1.0336,2.1015,-2.0973,2.2015,-2.3161
2554.344942905,0.0099,0.0053,1.0625,-1.0377,2.1014,-2.0973,2.1889,-2.3035
2554.349942905,0.01,0.0053,1.0666,-1.0418,2.1012,-2.0972,2.1763,-2.2911
2554.354942905,0.0099,0.0053,1.0707,-1.046,2.101,-2.0971,2.1636,-2.2784
2554.359942905,0.0099,0.0053,1.0748,-1.0501,2.1008,-2.097,2.1508,-2.2657
2554.364942905,0.01,0.0053,1.0789,-1.0542,2.1006,-2.0969,2.138,-2.253
2554.369942905,0.0099,0.0053,1.083,-1.0583,2.1003,-2.0967,2.1253,-2.2403
2554.374942905,0.0099,0.0053,1.0871,-1.0625,2.1,-2.0966,2.1124,-2.2275
2554.379942905,0.01,0.0053,1.0912,-1.0666,2.0997,-2.0964,2.0995,-2.2147
2554.384942905,0.0099,0.0053,1.0953,-1.0707,2.0994,-2.0962,2.0866,-2.2018
2554.389942904,0.0099,0.0053,1.0993,-1.0749,2.0991,-2.096,2.0735,-2.1888
2554.394942904,0.01,0.0053,1.1034,-1.079,2.0987,-2.0957,2.0605,-2.1758
2554.399942904,0.0099,0.0053,1.1075,-1.0831,2.0984,-2.0954,2.0475,-2.1629
2554.404942904,0.0099,0.0053,1.1115,-1.0872,2.0979,-2.0952,2.0345,-2.15
2554.409942904,0.01,0.0053,1.1155,-1.0913,2.0975,-2.0949,2.0215,-2.137
2554.414942904,0.0099,0.0053,1.1195,-1.0953,2.0971,-2.0945,2.0086,-2.1242
2554.419942904,0.0099,0.0053,1.1234,-1.0993,2.0966,-2.0942,1.9958,-2.1114
2554.424942904,0.0099,0.0053,1.1274,-1.1032,2.0962,-2.0938,1.9831,-2.0987
2554.429942904,0.0099,0.0053,1.1312,-1.1071,2.0957,-2.0935,1.9704,-2.0861
2554.434942903,0.01,0.0053,1.135,-1.111,2.0952,-2.0931,1.9579,-2.0736
2554.439942903,0.0099,0.0053,1.1388,-1.1149,2.0947,-2.0926,1.9453,-2.0611
2554.444942903,0.01,0.0053,1.1426,-1.1187,2.0941,-2.0922,1.9328,-2.0487
2554.449942903,0.0099,0.0053,1.1463,-1.1224,2.0936,-2.0918,1.9205,-2.0364
2554.454942903,0.01,0.0053,1.15,-1.1262,2.093,-2.0913,1.9081,-2.0241
2554.459942903,0.01,0.0053,1.1537,-1.1299,2.0924,-2.0908,1.8958,-2.0118
2554.464942903,0.0099,0.0053,1.1573,-1.1336,2.0918,-2.0903,1.8836,-1.9997
2554.469942903,0.01,0.0053,1.1608,-1.1372,2.0912,-2.0898,1.8716,-1.9877
2554.474942903,0.0099,0.0053,1.1644,-1.1407,2.0906,-2.0893,1.8597,-1.9759
2554.479942902,0.01,0.0053,1.1678,-1.1442,2.09,-2.0888,1.848,-1.9642
2554.484942902,0.01,0.0053,1.1712,-1.1477,2.0894,-2.0883,1.8365,-1.9527
2554.489942902,0.0099,0.0053,1.1744,-1.151,2.0888,-2.0877,1.8252,-1.9415
2554.494942902,0.01,0.0053,1.1776,-1.1543,2.0881,-2.0872,1.8141,-1.9305
2554.499942902,0.01,0.0053,1.1808,-1.1574,2.0875,-2.0867,1.8033,-1.9197
2554.504942902,0.0099,0.0053,1.1838,-1.1605,2.0869,-2.0861,1.7927,-1.9092
2554.509942902,0.01,0.0053,1.1868,-1.1635,2.0862,-2.0856,1.7824,-1.8989
2554.514942902,0.0099,0.0053,1.1897,-1.1665,2.0856,-2.0851,1.7723,-1.8889
2554.519942902,0.01,0.0053,1.1925,-1.1693,2.085,-2.0845,1.7625,-1.8791
2554.524942901,0.0099,0.0053,1.1952,-1.172,2.0844,-2.084,1.753,-1.8696
2554.529942901,0.01,0.0053,1.1978,-1.1747,2.0838,-2.0835,1.7437,-1.8604
2554.534942901,0.01,0.0053,1.2004,-1.1773,2.0832,-2.083,1.7347,-1.8514
2554.539942901,0.0099,0.0053,1.2028,-1.1798,2.0826,-2.0824,1.7259,-1.8427
2554.544942901,0.01,0.0053,1.2052,-1.1822,2.082,-2.0819,1.7174,-1.8343
2554.549942901,0.0099,0.0053,1.2075,-1.1846,2.0814,-2.0814,1.7091,-1.826
2554.554942901,0.01,0.0053,1.2097,-1.1869,2.0809,-2.081,1.7011,-1.8181
2554.559942901,0.01,0.0053,1.2119,-1.1891,2.0803,-2.0805,1.6933,-1.8103
2554.564942901,0.0099,0.0053,1.214,-1.1912,2.0798,-2.08,1.6858,-1.8028
2554.5699429,0.01,0.0053,1.216,-1.1932,2.0793,-2.0795,1.6785,-1.7956
2554.5749429,0.0099,0.0053,1.218,-1.1953,2.0787,-2.079,1.6713,-1.7884
2554.5799429,0.01,0.0053,1.22,-1.1972,2.0782,-2.0786,1.6642,-1.7813
2554.5849429,0.0099,0.0053,1.2219,-1.1992,2.0777,-2.0781,1.6572,-1.7744
2554.5899429,0.01,0.0053,1.2237,-1.2011,2.0772,-2.0777,1.6504,-1.7676
2554.5949429,0.01,0.0053,1.2256,-1.203,2.0766,-2.0772,1.6437,-1.7609
2554.5999429,0.0099,0.0053,1.2274,-1.2048,2.0761,-2.0767,1.6371,-1.7543
2554.6049429,0.01,0.0053,1.2291,-1.2065,2.0756,-2.0763,1.6309,-1.7481
2554.6099429,0.01,0.0053,1.2306,-1.2081,2.0752,-2.0759,1.625,-1.7423
2554.614942899,0.0099,0.0053,1.2321,-1.2096,2.0748,-2.0755,1.6195,-1.7368
2554.619942899,0.01,0.0053,1.2335,-1.2111,2.0743,-2.0751,1.6144,-1.7317
2554.624942899,0.01,0.0053,1.2348,-1.2124,2.074,-2.0748,1.6097,-1.7271
2554.629942899,0.0099,0.0053,1.2359,-1.2135,2.0736,-2.0745,1.6056,-1.7229
2554.634942899,0.01,0.0053,1.2369,-1.2145,2.0733,-2.0742,1.6019,-1.7192
2554.639942899,0.01,0.0053,1.2376,-1.2153,2.0731,-2.074,1.5991,-1.7165
2554.644942899,0.0099,0.0053,1.2382,-1.2158,2.0729,-2.0739,1.5971,-1.7145
2554.649942899,0.01,0.0053,1.2385,-1.2162,2.0728,-2.0738,1.5958,-1.7132
2554.654942899,0.0099,0.0053,1.2386,-1.2163,2.0728,-2.0737,1.5955,-1.7128
2554.659942898,0.01,0.0053,1.2385,-1.2162,2.0728,-2.0738,1.5957,-1.713
2554.664942898,0.0099,0.0053,1.2383,-1.216,2.0729,-2.0738,1.5964,-1.7137
2554.669942898,0.01,0.0053,1.2381,-1.2157,2.073,-2.0739,1.5975,-1.7148
2554.674942898,0.0099,0.0053,1.2376,-1.2152,2.0731,-2.074,1.5994,-1.7166
2554.679942898,0.01,0.0053,1.2369,-1.2146,2.0733,-2.0742,1.6019,-1.719
2554.684942898,0.0099,0.0053,1.2361,-1.2137,2.0736,-2.0744,1.6049,-1.7221
2554.689942898,0.01,0.0053,1.2351,-1.2127,2.0739,-2.0747,1.6085,-1.7257
2554.694942898,0.0099,0.0053,1.234,-1.2116,2.0742,-2.075,1.6127,-1.7299
2554.699942898,0.01,0.0053,1.2327,-1.2103,2.0746,-2.0753,1.6173,-1.7345
2554.704942897,0.0099,0.0053,1.2313,-1.2089,2.075,-2.0757,1.6225,-1.7397
2554.709942897,0.01,0.0053,1.2298,-1.2073,2.0754,-2.0761,1.628,-1.7452
2554.714942897,0.0099,0.0053,1.2282,-1.2057,2.0759,-2.0765,1.6339,-1.7512
2554.719942897,0.01,0.0053,1.2265,-1.204,2.0764,-2.077,1.6401,-1.7574
2554.724942897,0.0099,0.0053,1.2247,-1.2021,2.0769,-2.0774,1.6469,-1.7642
2554.729942897,0.01,0.0053,1.2227,-1.2001,2.0774,-2.0779,1.654,-1.7713
2554.734942897,0.0099,0.0053,1.2207,-1.1979,2.078,-2.0784,1.6615,-1.7788
2554.739942897,0.01,0.0053,1.2185,-1.1957,2.0786,-2.0789,1.6694,-1.7867
2554.744942896,0.0099,0.0053,1.2162,-1.1934,2.0792,-2.0795,1.6777,-1.795
2554.749942896,0.01,0.0053,1.2139,-1.191,2.0798,-2.08,1.6862,-1.8035
2554.754942896,0.0099,0.0053,1.2114,-1.1885,2.0805,-2.0806,1.695,-1.8124
2554.759942896,0.01,0.0053,1.2089,-1.1859,2.0811,-2.0812,1.7041,-1.8215
2554.764942896,0.01,0.0053,1.2063,-1.1832,2.0818,-2.0817,1.7135,-1.8308
2554.769942896,0.01,0.0053,1.2036,-1.1805,2.0824,-2.0823,1.7229,-1.8403
2554.774942896,0.01,0.0053,1.2008,-1.1777,2.0831,-2.0829,1.7328,-1.8501
2554.779942896,0.01,0.0053,1.198,-1.1747,2.0837,-2.0835,1.7429,-1.8602
2554.784942896,0.01,0.0053,1.1951,-1.1717,2.0844,-2.0841,1.7532,-1.8706
2554.789942895,0.01,0.0053,1.192,-1.1687,2.0851,-2.0846,1.7638,-1.8812
2554.794942895,0.01,0.0053,1.1889,-1.1655,2.0858,-2.0853,1.7747,-1.892
2554.799942895,0.01,0.0053,1.1858,-1.1623,2.0864,-2.0858,1.7856,-1.903
2554.804942895,0.01,0.0053,1.1825,-1.159,2.0871,-2.0864,1.797,-1.9143
2554.809942895,0.01,0.0053,1.1792,-1.1556,2.0878,-2.087,1.8085,-1.9259
2554.814942895,0.01,0.0053,1.1758,-1.1521,2.0885,-2.0876,1.8204,-1.9377
2554.819942895,0.01,0.0053,1.1723,-1.1486,2.0892,-2.0881,1.8322,-1.9496
2554.824942895,0.01,0.0053,1.1687,-1.1449,2.0898,-2.0887,1.8445,-1.9618
2554.829942895,0.01,0.0053,1.1651,-1.1412,2.0905,-2.0893,1.857,-1.9743
2554.834942894,0.01,0.0053,1.1613,-1.1374,2.0912,-2.0898,1.8696,-1.9869
2554.839942894,0.01,0.0053,1.1575,-1.1335,2.0918,-2.0904,1.8825,-1.9997
2554.844942894,0.0099,0.0053,1.1537,-1.1296,2.0924,-2.0909,1.8956,-2.0128
2554.849942894,0.01,0.0053,1.1498,-1.1256,2.0931,-2.0914,1.9086,-2.0258
2554.854942894,0.01,0.0053,1.1458,-1.1216,2.0937,-2.0919,1.9219,-2.0391
2554.859942894,0.01,0.0053,1.1418,-1.1175,2.0943,-2.0923,1.9353,-2.0524
2554.864942894,0.01,0.0053,1.1377,-1.1134,2.0948,-2.0928,1.9486,-2.0657
2554.869942894,0.01,0.0053,1.1337,-1.1093,2.0954,-2.0932,1.9619,-2.079
2554.874942894,0.01,0.0053,1.1297,-1.1052,2.0959,-2.0936,1.9752,-2.0922
2554.879942893,0.01,0.0053,1.1257,-1.1012,2.0964,-2.094,1.9883,-2.1052
2554.884942893,0.01,0.0053,1.1217,-1.0971,2.0969,-2.0944,2.0013,-2.1182
2554.889942893,0.01,0.0053,1.1177,-1.0931,2.0973,-2.0947,2.0142,-2.131
2554.894942893,0.01,0.0053,1.1137,-1.0891,2.0977,-2.095,2.027,-2.1438
2554.899942893,0.01,0.0053,1.1098,-1.0851,2.0981,-2.0953,2.0396,-2.1564
2554.904942893,0.01,0.0053,1.1059,-1.0812,2.0985,-2.0956,2.0522,-2.1689
2554.909942893,0.01,0.0053,1.102,-1.0772,2.0989,-2.0958,2.0647,-2.1814
2554.914942893,0.01,0.0053,1.0981,-1.0733,2.0992,-2.0961,2.077,-2.1937
2554.919942893,0.01,0.0053,1.0943,-1.0694,2.0995,-2.0963,2.0891,-2.2057
2554.924942892,0.01,0.0053,1.0906,-1.0656,2.0998,-2.0964,2.1011,-2.2177
2554.929942892,0.01,0.0053,1.0869,-1.0619,2.1001,-2.0966,2.1128,-2.2293
2554.934942892,0.01,0.0053,1.0832,-1.0582,2.1003,-2.0967,2.1243,-2.2407
2554.939942892,0.01,0.0053,1.0797,-1.0546,2.1005,-2.0969,2.1355,-2.2518
2554.944942892,0.01,0.0053,1.0762,-1.051,2.1007,-2.097,2.1464,-2.2627
2554.949942892,0.01,0.0053,1.0728,-1.0476,2.1009,-2.0971,2.1569,-2.2732
2554.954942892,0.01,0.0053,1.0695,-1.0443,2.1011,-2.0971,2.1672,-2.2835
2554.959942892,0.0099,0.0053,1.0663,-1.041,2.1012,-2.0972,2.1772,-2.2934
2554.964942892,0.01,0.0053,1.0632,-1.0379,2.1014,-2.0972,2.1868,-2.3029
2554.969942891,0.01,0.0053,1.0602,-1.0349,2.1015,-2.0973,2.1961,-2.3122
2554.974942891,0.01,0.0053,1.0573,-1.0319,2.1016,-2.0973,2.205,-2.3211
2554.979942891,0.01,0.0053,1.0545,-1.0291,2.1017,-2.0973,2.2137,-2.3296
2554.984942891,0.01,0.0053,1.0517,-1.0264,2.1017,-2.0973,2.2219,-2.3379
2554.989942891,0.01,0.0053,1.0492,-1.0238,2.1018,-2.0973,2.2299,-2.3458
2554.994942891,0.01,0.0053,1.0466,-1.0212,2.1018,-2.0973,2.2376,-2.3534
2554.999942891,0.01,0.0053,1.0443,-1.0188,2.1019,-2.0973,2.2449,-2.3607
2555.004942891,0.01,0.0053,1.0418,-1.0163,2.1019,-2.0973,2.2523,-2.368
2555.009942891,0.01,0.0053,1.0394,-1.0139,2.102,-2.0972,2.2597,-2.3754
2555.01494289,0.01,0.0053,1.0369,-1.0114,2.102,-2.0972,2.2671,-2.3828
2555.01994289,0.01,0.0053,1.0345,-1.009,2.102,-2.0971,2.2745,-2.3901
2555.02494289,0.01,0.0053,1.0321,-1.0065,2.102,-2.0971,2.2818,-2.3974
2555.02994289,0.01,0.0053,1.0297,-1.0041,2.102,-2.097,2.289,-2.4045
2555.03494289,0.01,0.0053,1.0273,-1.0018,2.102,-2.097,2.296,-2.4115
2555.03994289,0.01,0.0053,1.025,-0.9995,2.102,-2.0969,2.3029,-2.4184
2555.04494289,0.01,0.0053,1.0228,-0.9972,2.102,-2.0968,2.3097,-2.4251
2555.04994289,0.01,0.0053,1.0206,-0.995,2.102,-2.0967,2.3163,-2.4316
2555.05494289,0.01,0.0053,1.0184,-0.9928,2.102,-2.0967,2.3227,-2.4379
2555.059942889,0.01,0.0053,1.0164,-0.9908,2.1019,-2.0966,2.3288,-2.444
2555.064942889,0.01,0.0053,1.0144,-0.9887,2.1019,-2.0965,2.3348,-2.4499
2555.069942889,0.01,0.0053,1.0125,-0.9868,2.1019,-2.0964,2.3406,-2.4556
2555.074942889,0.01,0.0053,1.0106,-0.9849,2.1018,-2.0963,2.3461,-2.4611
2555.079942889,0.01,0.0053,1.0088,-0.9831,2.1018,-2.0962,2.3514,-2.4664
2555.084942889,0.01,0.0053,1.0071,-0.9814,2.1017,-2.0961,2.3566,-2.4714
2555.089942889,0.01,0.0053,1.0054,-0.9798,2.1017,-2.096,2.3614,-2.4763
2555.094942889,0.01,0.0053,1.0038,-0.9782,2.1017,-2.096,2.3661,-2.4809
2555.099942889,0.01,0.0053,1.0023,-0.9767,2.1016,-2.0959,2.3706,-2.4853
2555.104942888,0.01,0.0053,1.0009,-0.9752,2.1016,-2.0958,2.3748,-2.4895
2555.109942888,0.01,0.0053,0.9995,-0.9738,2.1015,-2.0957,2.3789,-2.4935
2555.114942888,0.01,0.0053,0.9982,-0.9725,2.1015,-2.0956,2.3827,-2.4973
2555.119942888,0.01,0.0053,0.997,-0.9713,2.1014,-2.0956,2.3864,-2.5009
2555.124942888,0.01,0.0053,0.9958,-0.9701,2.1014,-2.0955,2.3899,-2.5043
2555.129942888,0.01,0.0053,0.9947,-0.969,2.1013,-2.0954,2.3931,-2.5075
2555.134942888,0.01,0.0053,0.9936,-0.9679,2.1013,-2.0953,2.3962,-2.5106
2555.139942888,0.01,0.0053,0.9926,-0.967,2.1013,-2.0953,2.3992,-2.5135
2555.144942888,0.01,0.0053,0.9917,-0.966,2.1012,-2.0952,2.4019,-2.5162
2555.149942887,0.01,0.0053,0.9908,-0.9651,2.1012,-2.0952,2.4045,-2.5188
2555.154942887,0.01,0.0053,0.9899,-0.9643,2.1012,-2.0951,2.407,-2.5212
2555.159942887,0.01,0.0053,0.9891,-0.9635,2.1011,-2.0951,2.4093,-2.5235
2555.164942887,0.01,0.0053,0.9884,-0.9628,2.1011,-2.095,2.4115,-2.5256
2555.169942887,0.01,0.0053,0.9877,-0.9621,2.1011,-2.095,2.4135,-2.5276
2555.174942887,0.01,0.0053,0.987,-0.9614,2.101,-2.0949,2.4155,-2.5296
2555.179942887,0.01,0.0053,0.9863,-0.9607,2.101,-2.0949,2.4175,-2.5316
2555.184942887,0.01,0.0053,0.9856,-0.96,2.101,-2.0948,2.4196,-2.5336
2555.189942887,0.01,0.0053,0.9847,-0.9591,2.1009,-2.0947,2.4222,-2.5362
2555.194942886,0.01,0.0053,0.9836,-0.958,2.1009,-2.0947,2.4254,-2.5394
2555.199942886,0.01,0.0053,0.9824,-0.9568,2.1008,-2.0946,2.429,-2.5429
2555.204942886,0.01,0.0053,0.9809,-0.9553,2.1007,-2.0944,2.4333,-2.5472
2555.209942886,0.01,0.0053,0.9793,-0.9536,2.1006,-2.0943,2.438,-2.5519
2555.214942886,0.01,0.0053,0.9775,-0.9518,2.1005,-2.0942,2.4432,-2.5571
2555.219942886,0.01,0.0053,0.9756,-0.9499,2.1004,-2.094,2.4487,-2.5625
2555.224942886,0.01,0.0053,0.9736,-0.9479,2.1003,-2.0938,2.4547,-2.5685
2555.229942886,0.01,0.0053,0.9714,-0.9457,2.1002,-2.0936,2.4609,-2.5746
2555.234942886,0.01,0.0053,0.9692,-0.9434,2.1,-2.0934,2.4674,-2.5811
2555.239942885,0.01,0.0053,0.9668,-0.9411,2.0998,-2.0932,2.4741,-2.5878
2555.244942885,0.01,0.0053,0.9644,-0.9386,2.0997,-2.093,2.4811,-2.5947
2555.249942885,0.01,0.0053,0.9619,-0.9362,2.0995,-2.0928,2.4882,-2.6018
2555.254942885,0.01,0.0053,0.9593,-0.9335,2.0993,-2.0925,2.4957,-2.6092
2555.259942885,0.01,0.0053,0.9566,-0.9308,2.0991,-2.0922,2.5035,-2.6169
2555.264942885,0.01,0.0053,0.9538,-0.928,2.0989,-2.0919,2.5114,-2.6248
2555.269942885,0.01,0.0053,0.951,-0.9252,2.0986,-2.0916,2.5194,-2.6327
2555.274942885,0.01,0.0053,0.9482,-0.9223,2.0984,-2.0913,2.5276,-2.6409
2555.279942885,0.01,0.0053,0.9453,-0.9194,2.0981,-2.091,2.5359,-2.6491
2555.284942884,0.01,0.0053,0.9423,-0.9165,2.0979,-2.0906,2.5442,-2.6574
2555.289942884,0.01,0.0053,0.9393,-0.9135,2.0976,-2.0903,2.5526,-2.6658
2555.294942884,0.01,0.0053,0.9363,-0.9105,2.0973,-2.0899,2.5611,-2.6742
2555.299942884,0.01,0.0053,0.9333,-0.9075,2.097,-2.0895,2.5696,-2.6826
2555.304942884,0.01,0.0053,0.9304,-0.9045,2.0967,-2.0891,2.578,-2.691
2555.309942884,0.01,0.0053,0.9274,-0.9015,2.0963,-2.0887,2.5863,-2.6992
2555.314942884,0.01,0.0053,0.9245,-0.8986,2.096,-2.0883,2.5945,-2.7073
2555.319942884,0.01,0.0053,0.9217,-0.8958,2.0957,-2.088,2.6025,-2.7152
2555.324942884,0.01,0.0053,0.9189,-0.893,2.0954,-2.0876,2.6103,-2.7229
2555.329942883,0.01,0.0053,0.9162,-0.8903,2.0951,-2.0872,2.6178,-2.7304
2555.334942883,0.01,0.0053,0.9136,-0.8877,2.0948,-2.0868,2.6252,-2.7377
2555.339942883,0.01,0.0053,0.9111,-0.8852,2.0944,-2.0864,2.6322,-2.7446
2555.344942883,0.01,0.0053,0.9086,-0.8827,2.0941,-2.0861,2.639,-2.7514
2555.349942883,0.01,0.0053,0.9063,-0.8804,2.0938,-2.0857,2.6455,-2.7578
2555.354942883,0.01,0.0053,0.904,-0.8781,2.0935,-2.0853,2.6518,-2.764
2555.359942883,0.01,0.0053,0.9019,-0.876,2.0932,-2.085,2.6577,-2.7699
2555.364942883,0.01,0.0053,0.8999,-0.874,2.093,-2.0847,2.6634,-2.7755
2555.369942883,0.01,0.0053,0.8979,-0.872,2.0927,-2.0844,2.6687,-2.7808
2555.374942882,0.01,0.0053,0.8961,-0.8702,2.0925,-2.0841,2.6738,-2.7858
2555.379942882,0.01,0.0053,0.8944,-0.8685,2.0922,-2.0838,2.6786,-2.7906
2555.384942882,0.01,0.0053,0.8927,-0.8668,2.092,-2.0835,2.6832,-2.7951
2555.389942882,0.01,0.0053,0.8912,-0.8653,2.0918,-2.0833,2.6875,-2.7993
2555.394942882,0.01,0.0053,0.8897,-0.8638,2.0915,-2.083,2.6915,-2.8033
2555.399942882,0.01,0.0053,0.8883,-0.8625,2.0913,-2.0828,2.6953,-2.807
2555.404942882,0.01,0.0053,0.8871,-0.8612,2.0912,-2.0826,2.6988,-2.8105
2555.409942882,0.01,0.0053,0.8859,-0.86,2.091,-2.0824,2.7021,-2.8137
2555.414942882,0.01,0.0053,0.8847,-0.8589,2.0908,-2.0822,2.7052,-2.8168
2555.419942881,0.01,0.0053,0.8837,-0.8579,2.0906,-2.082,2.708,-2.8196
2555.424942881,0.01,0.0053,0.8827,-0.8569,2.0905,-2.0818,2.7107,-2.8222
2555.429942881,0.01,0.0053,0.8818,-0.856,2.0904,-2.0817,2.7132,-2.8246
2555.434942881,0.01,0.0053,0.881,-0.8552,2.0902,-2.0815,2.7155,-2.8269
2555.439942881,0.01,0.0053,0.8803,-0.8544,2.0901,-2.0814,2.7175,-2.8289
2555.444942881,0.01,0.0053,0.8795,-0.8537,2.09,-2.0813,2.7195,-2.8308
2555.449942881,0.01,0.0053,0.8789,-0.8531,2.0899,-2.0812,2.7213,-2.8326
2555.454942881,0.01,0.0053,0.8783,-0.8525,2.0898,-2.081,2.7229,-2.8342
2555.459942881,0.01,0.0053,0.8778,-0.852,2.0897,-2.0809,2.7244,-2.8356
2555.46494288,0.01,0.0053,0.8773,-0.8514,2.0897,-2.0808,2.7258,-2.837
2555.46994288,0.01,0.0053,0.8768,-0.851,2.0896,-2.0808,2.727,-2.8382
2555.47494288,0.01,0.0053,0.8764,-0.8506,2.0895,-2.0807,2.7281,-2.8393
2555.47994288,0.01,0.0053,0.876,-0.8502,2.0895,-2.0806,2.7291,-2.8403
2555.48494288,0.01,0.0053,0.8757,-0.8499,2.0894,-2.0806,2.7301,-2.8412
2555.48994288,0.01,0.0053,0.8754,-0.8496,2.0894,-2.0805,2.7309,-2.842
2555.49494288,0.01,0.0053,0.8751,-0.8493,2.0893,-2.0805,2.7316,-2.8427
2555.49994288,0.01,0.0053,0.8749,-0.8491,2.0893,-2.0804,2.7323,-2.8434
2555.50494288,0.01,0.0053,0.8747,-0.8489,2.0892,-2.0804,2.7329,-2.844
2555.509942879,0.01,0.0053,0.8745,-0.8487,2.0892,-2.0803,2.7334,-2.8445
2555.514942879,0.01,0.0053,0.8743,-0.8485,2.0892,-2.0803,2.7339,-2.845
2555.519942879,0.01,0.0053,0.8741,-0.8484,2.0892,-2.0803,2.7343,-2.8454
2555.524942879,0.01,0.0053,0.874,-0.8482,2.0891,-2.0803,2.7347,-2.8458
2555.529942879,0.01,0.0053,0.8739,-0.8481,2.0891,-2.0802,2.735,-2.8461
2555.534942879,0.01,0.0053,0.8738,-0.848,2.0891,-2.0802,2.7353,-2.8464
2555.539942879,0.01,0.0053,0.8737,-0.8478,2.0891,-2.0802,2.7356,-2.8469
2555.544942879,0.01,0.0053,0.8735,-0.8476,2.089,-2.0801,2.7361,-2.8474
2555.549942879,0.01,0.0053,0.8733,-0.8474,2.089,-2.0801,2.7366,-2.848
2555.554942878,0.01,0.0053,0.8732,-0.8473,2.089,-2.0801,2.7369,-2.8483
2555.559942878,0.01,0.0053,0.8732,-0.8472,2.089,-2.0801,2.737,-2.8485
2555.564942878,0.01,0.0053,0.8732,-0.8471,2.089,-2.0801,2.737,-2.8486
2555.569942878,0.01,0.0053,0.8732,-0.8472,2.089,-2.0801,2.7369,-2.8486
2555.574942878,0.01,0.0053,0.8734,-0.8473,2.089,-2.0801,2.7365,-2.8482
2555.579942878,0.01,0.0053,0.8736,-0.8476,2.0891,-2.0801,2.7357,-2.8475
2555.584942878,0.01,0.0053,0.874,-0.8479,2.0891,-2.0802,2.7347,-2.8465
2555.589942878,0.01,0.0053,0.8745,-0.8484,2.0892,-2.0803,2.7333,-2.8451
2555.594942878,0.01,0.0053,0.8752,-0.8491,2.0893,-2.0804,2.7314,-2.8434
2555.599942877,0.01,0.0053,0.876,-0.8499,2.0894,-2.0806,2.7293,-2.8412
2555.604942877,0.01,0.0053,0.877,-0.8509,2.0896,-2.0807,2.7264,-2.8385
2555.609942877,0.01,0.0053,0.8783,-0.8521,2.0898,-2.081,2.723,-2.8351
2555.614942877,0.01,0.0053,0.8797,-0.8535,2.09,-2.0812,2.7192,-2.8313
2555.619942877,0.01,0.0053,0.8812,-0.8551,2.0903,-2.0815,2.715,-2.8272
2555.624942877,0.01,0.0053,0.883,-0.8568,2.0905,-2.0818,2.71,-2.8223
2555.629942877,0.01,0.0053,0.885,-0.8588,2.0908,-2.0822,2.7045,-2.8169
2555.634942877,0.01,0.0053,0.8872,-0.861,2.0912,-2.0825,2.6986,-2.811
2555.639942876,0.01,0.0053,0.8896,-0.8634,2.0915,-2.083,2.6919,-2.8043
2555.644942876,0.01,0.0053,0.8922,-0.8661,2.0919,-2.0834,2.6846,-2.797
2555.649942876,0.01,0.0053,0.8951,-0.8689,2.0923,-2.0839,2.6768,-2.7893
2555.654942876,0.01,0.0053,0.8981,-0.872,2.0927,-2.0844,2.6683,-2.7809
2555.659942876,0.01,0.0053,0.9013,-0.8752,2.0932,-2.0849,2.6594,-2.772
2555.664942876,0.01,0.0053,0.9047,-0.8786,2.0936,-2.0854,2.6501,-2.7628
2555.669942876,0.01,0.0053,0.9081,-0.882,2.0941,-2.086,2.6405,-2.7533
2555.674942876,0.01,0.0053,0.9117,-0.8856,2.0945,-2.0865,2.6305,-2.7434
2555.679942876,0.01,0.0053,0.9154,-0.8893,2.095,-2.087,2.6202,-2.7331
2555.684942875,0.01,0.0053,0.9192,-0.8931,2.0954,-2.0876,2.6097,-2.7227
2555.689942875,0.01,0.0053,0.923,-0.8969,2.0959,-2.0881,2.5989,-2.712
2555.694942875,0.01,0.0053,0.9269,-0.9008,2.0963,-2.0886,2.588,-2.7011
2555.699942875,0.01,0.0053,0.9308,-0.9048,2.0967,-2.0892,2.577,-2.6902
2555.704942875,0.01,0.0053,0.9349,-0.9088,2.0971,-2.0897,2.5656,-2.6789
2555.709942875,0.01,0.0053,0.939,-0.9129,2.0975,-2.0902,2.5539,-2.6673
2555.714942875,0.01,0.0053,0.9431,-0.9171,2.0979,-2.0907,2.5421,-2.6556
2555.719942875,0.01,0.0053,0.9473,-0.9213,2.0983,-2.0912,2.5303,-2.6438
2555.724942875,0.01,0.0053,0.9515,-0.9255,2.0987,-2.0916,2.5183,-2.6319
2555.729942874,0.01,0.0053,0.9557,-0.9297,2.099,-2.0921,2.5062,-2.62
2555.734942874,0.01,0.0053,0.9599,-0.9339,2.0994,-2.0925,2.4942,-2.6081
2555.739942874,0.01,0.0053,0.9641,-0.9381,2.0997,-2.0929,2.4822,-2.5962
2555.744942874,0.01,0.0053,0.9683,-0.9423,2.1,-2.0933,2.4702,-2.5843
2555.749942874,0.01,0.0053,0.9724,-0.9464,2.1002,-2.0937,2.4583,-2.5725
2555.754942874,0.01,0.0053,0.9765,-0.9505,2.1005,-2.094,2.4464,-2.5607
2555.759942874,0.01,0.0053,0.9805,-0.9546,2.1007,-2.0944,2.4347,-2.5491
2555.764942874,0.01,0.0053,0.9845,-0.9586,2.1009,-2.0947,2.423,-2.5375
2555.769942874,0.01,0.0053,0.9885,-0.9625,2.1011,-2.095,2.4116,-2.5262
2555.774942873,0.01,0.0053,0.9923,-0.9664,2.1013,-2.0952,2.4002,-2.515
2555.779942873,0.01,0.0053,0.9961,-0.9702,2.1014,-2.0955,2.389,-2.5039
2555.784942873,0.01,0.0053,0.9999,-0.974,2.1015,-2.0957,2.378,-2.493
2555.789942873,0.01,0.0053,1.0036,-0.9777,2.1017,-2.0959,2.3672,-2.4822
2555.794942873,0.01,0.0053,1.0071,-0.9813,2.1018,-2.0961,2.3566,-2.4718
2555.799942873,0.01,0.0053,1.0106,-0.9847,2.1018,-2.0963,2.3463,-2.4616
2555.804942873,0.01,0.0053,1.014,-0.9881,2.1019,-2.0964,2.3363,-2.4517
2555.809942873,0.01,0.0053,1.0172,-0.9914,2.1019,-2.0966,2.3266,-2.4421
2555.814942873,0.01,0.0053,1.0204,-0.9945,2.102,-2.0967,2.3172,-2.4328
2555.819942872,0.01,0.0053,1.0234,-0.9976,2.102,-2.0968,2.3082,-2.4239
2555.824942872,0.01,0.0053,1.0263,-1.0005,2.102,-2.0969,2.2995,-2.4153
2555.829942872,0.01,0.0053,1.0291,-1.0032,2.102,-2.097,2.2911,-2.407
2555.834942872,0.01,0.0053,1.0317,-1.0059,2.102,-2.0971,2.283,-2.399
2555.839942872,0.01,0.0053,1.0343,-1.0085,2.102,-2.0971,2.2753,-2.3914
2555.844942872,0.01,0.0053,1.0367,-1.011,2.102,-2.0972,2.2679,-2.3841
2555.849942872,0.01,0.0053,1.0391,-1.0133,2.102,-2.0972,2.2608,-2.3771
2555.854942872,0.01,0.0053,1.0413,-1.0155,2.102,-2.0972,2.254,-2.3704
2555.859942872,0.01,0.0053,1.0434,-1.0177,2.1019,-2.0972,2.2476,-2.364
2555.864942871,0.01,0.0053,1.0455,-1.0197,2.1019,-2.0973,2.2414,-2.3579
2555.869942871,0.01,0.0053,1.0474,-1.0216,2.1019,-2.0973,2.2356,-2.3521
2555.874942871,0.01,0.0053,1.0492,-1.0235,2.1018,-2.0973,2.23,-2.3466
2555.879942871,0.01,0.0053,1.0509,-1.0252,2.1018,-2.0973,2.2247,-2.3414
2555.884942871,0.01,0.0053,1.0526,-1.0269,2.1017,-2.0973,2.2197,-2.3364
2555.889942871,0.01,0.0053,1.0541,-1.0284,2.1017,-2.0973,2.2149,-2.3316
2555.894942871,0.01,0.0053,1.0556,-1.0299,2.1016,-2.0973,2.2103,-2.3271
2555.899942871,0.01,0.0053,1.057,-1.0313,2.1016,-2.0973,2.206,-2.3229
2555.904942871,0.01,0.0053,1.0583,-1.0326,2.1016,-2.0973,2.202,-2.3188
2555.90994287,0.01,0.0053,1.0596,-1.0339,2.1015,-2.0973,2.1981,-2.315
2555.91494287,0.01,0.0053,1.0608,-1.0351,2.1015,-2.0973,2.1945,-2.3114
2555.91994287,0.01,0.0053,1.0619,-1.0362,2.1014,-2.0973,2.1911,-2.308
2555.92494287,0.01,0.0053,1.0629,-1.0373,2.1014,-2.0972,2.1878,-2.3047
2555.92994287,0.01,0.0053,1.0639,-1.0383,2.1014,-2.0972,2.1848,-2.3017
2555.93494287,0.01,0.0053,1.0649,-1.0392,2.1013,-2.0972,2.1819,-2.2988
2555.93994287,0.01,0.0053,1.0657,-1.0401,2.1013,-2.0972,2.1791,-2.296
2555.94494287,0.01,0.0053,1.0666,-1.041,2.1012,-2.0972,2.1766,-2.2934
2555.94994287,0.01,0.0053,1.0673,-1.0418,2.1012,-2.0972,2.1742,-2.291
2555.954942869,0.01,0.0053,1.0681,-1.0425,2.1012,-2.0972,2.1719,-2.2887
2555.959942869,0.01,0.0053,1.0688,-1.0432,2.1011,-2.0972,2.1697,-2.2865
2555.964942869,0.01,0.0053,1.0694,-1.0439,2.1011,-2.0972,2.1677,-2.2845
2555.969942869,0.01,0.0053,1.07,-1.0446,2.1011,-2.0971,2.1658,-2.2826
2555.974942869,0.01,0.0053,1.0706,-1.0451,2.1011,-2.0971,2.1641,-2.2808
2555.979942869,0.01,0.0053,1.0711,-1.0457,2.101,-2.0971,2.1624,-2.279
2555.984942869,0.01,0.0053,1.0716,-1.0462,2.101,-2.0971,2.1608,-2.2774
2555.989942869,0.01,0.0053,1.0721,-1.0467,2.101,-2.0971,2.1594,-2.2759
2555.994942869,0.01,0.0053,1.0725,-1.0472,2.101,-2.0971,2.158,-2.2745
2555.999942868,0.01,0.0053,1.0729,-1.0476,2.1009,-2.0971,2.1567,-2.2731
2556.004942868,0.01,0.0053,1.0733,-1.048,2.1009,-2.0971,2.1555,-2.2719
2556.009942868,0.01,0.0053,1.0737,-1.0484,2.1009,-2.0971,2.1544,-2.2707
2556.014942868,0.01,0.0053,1.074,-1.0488,2.1009,-2.097,2.1533,-2.2695
2556.019942868,0.01,0.0053,1.0743,-1.0491,2.1009,-2.097,2.1524,-2.2685
2556.024942868,0.01,0.0053,1.0747,-1.0495,2.1008,-2.097,2.1513,-2.2674
2556.029942868,0.01,0.0053,1.075,-1.0499,2.1008,-2.097,2.1502,-2.2662
2556.034942868,0.01,0.0053,1.0754,-1.0503,2.1008,-2.097,2.1491,-2.265
2556.039942868,0.01,0.0053,1.0758,-1.0507,2.1008,-2.097,2.1479,-2.2638
2556.044942867,0.01,0.0053,1.0762,-1.0511,2.1008,-2.097,2.1467,-2.2625
2556.049942867,0.01,0.0053,1.0765,-1.0515,2.1007,-2.097,2.1455,-2.2612
2556.054942867,0.01,0.0053,1.0769,-1.0519,2.1007,-2.097,2.1444,-2.26
2556.059942867,0.01,0.0053,1.0773,-1.0523,2.1007,-2.0969,2.1432,-2.2587
2556.064942867,0.01,0.0053,1.0777,-1.0527,2.1007,-2.0969,2.142,-2.2574
2556.069942867,0.01,0.0053,1.078,-1.0531,2.1007,-2.0969,2.1409,-2.2562
2556.074942867,0.01,0.0053,1.0784,-1.0536,2.1006,-2.0969,2.1396,-2.2548
2556.079942867,0.01,0.0053,1.0789,-1.0541,2.1006,-2.0969,2.1382,-2.2534
2556.084942867,0.01,0.0053,1.0793,-1.0545,2.1006,-2.0969,2.1368,-2.2518
2556.089942866,0.01,0.0053,1.0798,-1.0551,2.1006,-2.0969,2.1353,-2.2503
2556.094942866,0.01,0.0053,1.0803,-1.0556,2.1005,-2.0968,2.1337,-2.2486
2556.099942866,0.01,0.0053,1.0808,-1.0561,2.1005,-2.0968,2.1322,-2.247
2556.104942866,0.01,0.0053,1.0813,-1.0567,2.1005,-2.0968,2.1306,-2.2453
2556.109942866,0.01,0.0053,1.0818,-1.0572,2.1004,-2.0968,2.129,-2.2436
2556.114942866,0.01,0.0053,1.0823,-1.0578,2.1004,-2.0968,2.1274,-2.2419
2556.119942866,0.01,0.0053,1.0828,-1.0583,2.1004,-2.0967,2.1258,-2.2402
2556.124942866,0.01,0.0053,1.0833,-1.0588,2.1003,-2.0967,2.1242,-2.2386
2556.129942866,0.01,0.0053,1.0838,-1.0594,2.1003,-2.0967,2.1227,-2.2369
2556.134942865,0.01,0.0053,1.0843,-1.0599,2.1003,-2.0967,2.1212,-2.2353
2556.139942865,0.01,0.0053,1.0848,-1.0604,2.1002,-2.0967,2.1197,-2.2337
2556.144942865,0.01,0.0053,1.0852,-1.0609,2.1002,-2.0967,2.1182,-2.2322
2556.149942865,0.01,0.0053,1.0857,-1.0614,2.1002,-2.0966,2.1168,-2.2307
2556.154942865,0.01,0.0053,1.0861,-1.0619,2.1001,-2.0966,2.1154,-2.2292
2556.159942865,0.01,0.0053,1.0866,-1.0623,2.1001,-2.0966,2.1141,-2.2277
2556.164942865,0.01,0.0053,1.087,-1.0628,2.1001,-2.0966,2.1128,-2.2263
2556.169942865,0.01,0.0053,1.0874,-1.0632,2.1001,-2.0966,2.1115,-2.225
2556.174942865,0.01,0.0053,1.0878,-1.0637,2.1,-2.0965,2.1102,-2.2235
2556.179942864,0.01,0.0053,1.0882,-1.0642,2.1,-2.0965,2.1088,-2.222
2556.184942864,0.01,0.0053,1.0887,-1.0647,2.1,-2.0965,2.1073,-2.2205
2556.189942864,0.01,0.0053,1.0892,-1.0652,2.0999,-2.0965,2.1058,-2.2188
2556.194942864,0.01,0.0053,1.0897,-1.0657,2.0999,-2.0964,2.1043,-2.2172
2556.199942864,0.01,0.0053,1.0902,-1.0663,2.0999,-2.0964,2.1027,-2.2155
2556.204942864,0.01,0.0053,1.0907,-1.0668,2.0998,-2.0964,2.101,-2.2138
2556.209942864,0.01,0.0053,1.0913,-1.0674,2.0998,-2.0964,2.0992,-2.2119
2556.214942864,0.01,0.0053,1.0919,-1.0681,2.0997,-2.0963,2.0973,-2.2099
2556.219942864,0.01,0.0053,1.0925,-1.0687,2.0997,-2.0963,2.0954,-2.2078
2556.224942863,0.01,0.0053,1.0932,-1.0695,2.0996,-2.0963,2.0932,-2.2056
2556.229942863,0.01,0.0053,1.0939,-1.0702,2.0996,-2.0962,2.091,-2.2032
2556.234942863,0.01,0.0053,1.0946,-1.071,2.0995,-2.0962,2.0886,-2.2007
2556.239942863,0.01,0.0053,1.0954,-1.0718,2.0995,-2.0961,2.0861,-2.1981
2556.244942863,0.01,0.0053,1.0962,-1.0727,2.0994,-2.0961,2.0835,-2.1955
2556.249942863,0.01,0.0053,1.097,-1.0735,2.0993,-2.096,2.0809,-2.1928
2556.254942863,0.01,0.0053,1.0979,-1.0744,2.0993,-2.096,2.0783,-2.1901
2556.259942863,0.01,0.0053,1.0987,-1.0753,2.0992,-2.0959,2.0756,-2.1874
2556.264942863,0.01,0.0053,1.0995,-1.0761,2.0991,-2.0959,2.073,-2.1847
2556.269942862,0.01,0.0053,1.1004,-1.077,2.099,-2.0958,2.0703,-2.182
2556.274942862,0.01,0.0053,1.1012,-1.0778,2.099,-2.0958,2.0677,-2.1794
2556.279942862,0.01,0.0053,1.102,-1.0787,2.0989,-2.0957,2.0651,-2.1767
2556.284942862,0.01,0.0053,1.1028,-1.0795,2.0988,-2.0957,2.0626,-2.1741
2556.289942862,0.01,0.0053,1.1036,-1.0803,2.0988,-2.0956,2.0601,-2.1716
2556.294942862,0.01,0.0053,1.1043,-1.0811,2.0987,-2.0956,2.0576,-2.1691
2556.299942862,0.01,0.0053,1.1051,-1.0819,2.0986,-2.0955,2.0552,-2.1666
2556.304942862,0.01,0.0053,1.1058,-1.0826,2.0985,-2.0955,2.0529,-2.1643
2556.309942862,0.01,0.0053,1.1065,-1.0834,2.0985,-2.0954,2.0506,-2.1619
2556.314942861,0.01,0.0053,1.1072,-1.0841,2.0984,-2.0954,2.0484,-2.1597
2556.319942861,0.01,0.0053,1.1079,-1.0848,2.0984,-2.0953,2.0462,-2.1575
2556.324942861,0.01,0.0053,1.1085,-1.0854,2.0983,-2.0953,2.0442,-2.1553
2556.329942861,0.01,0.0053,1.1092,-1.0861,2.0982,-2.0952,2.0421,-2.1533
2556.334942861,0.01,0.0053,1.1098,-1.0867,2.0982,-2.0952,2.0402,-2.1513
2556.339942861,0.01,0.0053,1.1104,-1.0873,2.0981,-2.0952,2.0383,-2.1493
2556.344942861,0.01,0.0053,1.1109,-1.0879,2.0981,-2.0951,2.0365,-2.1474
2556.349942861,0.01,0.0053,1.1115,-1.0885,2.098,-2.0951,2.0347,-2.1456
2556.354942861,0.01,0.0053,1.112,-1.0891,2.0979,-2.095,2.0331,-2.1439
2556.35994286,0.01,0.0053,1.1125,-1.0896,2.0979,-2.095,2.0314,-2.1422
2556.36494286,0.01,0.0053,1.113,-1.0901,2.0978,-2.095,2.0299,-2.1406
2556.36994286,0.01,0.0053,1.1133,-1.0905,2.0978,-2.0949,2.0288,-2.1394
2556.37494286,0.01,0.0053,1.1135,-1.0907,2.0978,-2.0949,2.0281,-2.1385
2556.37994286,0.01,0.0053,1.1137,-1.0909,2.0978,-2.0949,2.0276,-2.1379
2556.38494286,0.01,0.0053,1.1137,-1.091,2.0978,-2.0949,2.0274,-2.1376
2556.38994286,0.01,0.0053,1.1137,-1.0911,2.0978,-2.0949,2.0275,-2.1375
2556.39494286,0.01,0.0053,1.1137,-1.091,2.0978,-2.0949,2.0276,-2.1375
2556.39994286,0.01,0.0053,1.1136,-1.091,2.0978,-2.0949,2.0279,-2.1377
2556.404942859,0.01,0.0053,1.1135,-1.0909,2.0978,-2.0949,2.0283,-2.1379
2556.409942859,0.01,0.0053,1.1133,-1.0908,2.0978,-2.0949,2.0288,-2.1383
2556.414942859,0.01,0.0053,1.1131,-1.0907,2.0978,-2.0949,2.0294,-2.1387
2556.419942859,0.01,0.0053,1.1129,-1.0905,2.0979,-2.0949,2.0301,-2.1392
2556.424942859,0.01,0.0053,1.1126,-1.0903,2.0979,-2.0949,2.0309,-2.1399
2556.429942859,0.01,0.0053,1.1124,-1.0901,2.0979,-2.0949,2.0319,-2.1406
2556.434942859,0.01,0.0053,1.112,-1.0898,2.0979,-2.095,2.0329,-2.1415
2556.439942859,0.01,0.0053,1.1117,-1.0895,2.098,-2.095,2.034,-2.1424
2556.444942859,0.01,0.0053,1.1113,-1.0892,2.098,-2.095,2.0353,-2.1435
2556.449942858,0.01,0.0053,1.1109,-1.0888,2.0981,-2.095,2.0366,-2.1446
2556.454942858,0.01,0.0053,1.1104,-1.0884,2.0981,-2.0951,2.038,-2.1459
2556.459942858,0.01,0.0053,1.11,-1.088,2.0981,-2.0951,2.0395,-2.1472
2556.464942858,0.01,0.0053,1.1095,-1.0875,2.0982,-2.0952,2.0411,-2.1487
2556.469942858,0.01,0.0053,1.1089,-1.087,2.0983,-2.0952,2.0429,-2.1503
2556.474942858,0.01,0.0053,1.1084,-1.0865,2.0983,-2.0952,2.0447,-2.1519
2556.479942858,0.01,0.0053,1.1078,-1.086,2.0984,-2.0952,2.0466,-2.1537
2556.484942858,0.01,0.0053,1.1071,-1.0854,2.0984,-2.0953,2.0486,-2.1556
2556.489942857,0.01,0.0053,1.1065,-1.0848,2.0985,-2.0953,2.0507,-2.1575
2556.494942857,0.01,0.0053,1.1058,-1.0841,2.0985,-2.0954,2.0529,-2.1596
2556.499942857,0.01,0.0053,1.1051,-1.0834,2.0986,-2.0954,2.0552,-2.1617
2556.504942857,0.01,0.0053,1.1043,-1.0827,2.0987,-2.0955,2.0576,-2.164
2556.509942857,0.01,0.0053,1.1036,-1.0819,2.0988,-2.0955,2.06,-2.1664
2556.514942857,0.01,0.0053,1.1028,-1.0812,2.0988,-2.0956,2.0626,-2.1689
2556.519942857,0.01,0.0053,1.1019,-1.0804,2.0989,-2.0956,2.0653,-2.1714
2556.524942857,0.01,0.0053,1.1011,-1.0795,2.099,-2.0957,2.0681,-2.1741
2556.529942857,0.01,0.0053,1.1002,-1.0786,2.0991,-2.0957,2.0709,-2.1768
2556.534942856,0.01,0.0053,1.0992,-1.0777,2.0991,-2.0958,2.0739,-2.1797
2556.539942856,0.01,0.0053,1.0983,-1.0768,2.0992,-2.0958,2.0769,-2.1827
2556.544942856,0.01,0.0053,1.0973,-1.0758,2.0993,-2.0959,2.08,-2.1857
2556.549942856,0.01,0.0053,1.0963,-1.0748,2.0994,-2.096,2.0833,-2.1889
2556.554942856,0.01,0.0053,1.0952,-1.0738,2.0995,-2.096,2.0866,-2.1922
2556.559942856,0.01,0.0053,1.0942,-1.0727,2.0996,-2.0961,2.09,-2.1955
2556.564942856,0.01,0.0053,1.093,-1.0716,2.0996,-2.0962,2.0935,-2.199
2556.569942856,0.01,0.0053,1.0919,-1.0704,2.0997,-2.0962,2.0971,-2.2025
2556.574942856,0.01,0.0053,1.0907,-1.0693,2.0998,-2.0963,2.1008,-2.2061
2556.579942855,0.01,0.0053,1.0896,-1.0681,2.0999,-2.0963,2.1046,-2.2099
2556.584942855,0.01,0.0053,1.0883,-1.0669,2.1,-2.0964,2.1085,-2.2137
2556.589942855,0.01,0.0053,1.0871,-1.0656,2.1001,-2.0964,2.1125,-2.2177
2556.594942855,0.01,0.0053,1.0858,-1.0643,2.1002,-2.0965,2.1166,-2.2217
2556.599942855,0.01,0.0053,1.0845,-1.063,2.1003,-2.0966,2.1207,-2.2258
2556.604942855,0.01,0.0053,1.0831,-1.0616,2.1003,-2.0966,2.125,-2.2301
2556.609942855,0.01,0.0053,1.0817,-1.0602,2.1004,-2.0967,2.1293,-2.2344
2556.614942855,0.01,0.0053,1.0803,-1.0588,2.1005,-2.0967,2.1338,-2.2388
2556.619942855,0.01,0.0053,1.0788,-1.0573,2.1006,-2.0968,2.1383,-2.2433
2556.624942854,0.01,0.0053,1.0774,-1.0558,2.1007,-2.0968,2.1429,-2.2479
2556.629942854,0.01,0.0053,1.0759,-1.0543,2.1008,-2.0969,2.1477,-2.2526
2556.634942854,0.01,0.0053,1.0743,-1.0528,2.1009,-2.0969,2.1525,-2.2574
2556.639942854,0.01,0.0053,1.0727,-1.0512,2.101,-2.097,2.1574,-2.2623
2556.644942854,0.01,0.0053,1.0711,-1.0495,2.101,-2.097,2.1624,-2.2673
2556.649942854,0.01,0.0053,1.0695,-1.0479,2.1011,-2.0971,2.1675,-2.2724
2556.654942854,0.01,0.0053,1.0678,-1.0462,2.1012,-2.0971,2.1726,-2.2776
2556.659942854,0.01,0.0053,1.0661,-1.0445,2.1013,-2.0971,2.1779,-2.2829
2556.664942854,0.01,0.0053,1.0644,-1.0427,2.1013,-2.0972,2.1833,-2.2882
2556.669942853,0.01,0.0053,1.0626,-1.0409,2.1014,-2.0972,2.1887,-2.2937
2556.674942853,0.01,0.0053,1.0608,-1.0391,2.1015,-2.0972,2.1943,-2.2993
2556.679942853,0.01,0.0053,1.059,-1.0372,2.1015,-2.0972,2.1999,-2.3049
2556.684942853,0.01,0.0053,1.0571,-1.0353,2.1016,-2.0973,2.2056,-2.3107
2556.689942853,0.01,0.0053,1.0553,-1.0334,2.1017,-2.0973,2.2115,-2.3165
2556.694942853,0.01,0.0053,1.0533,-1.0315,2.1017,-2.0973,2.2174,-2.3225
2556.699942853,0.01,0.0053,1.0514,-1.0295,2.1018,-2.0973,2.2234,-2.3285
2556.704942853,0.0101,0.0053,1.0494,-1.0274,2.1018,-2.0973,2.2295,-2.3346
2556.709942853,0.01,0.0053,1.0473,-1.0254,2.1019,-2.0973,2.2357,-2.3408
2556.714942852,0.01,0.0053,1.0453,-1.0233,2.1019,-2.0973,2.242,-2.3472
2556.719942852,0.01,0.0053,1.0432,-1.0211,2.1019,-2.0973,2.2483,-2.3536
2556.724942852,0.01,0.0053,1.0411,-1.019,2.102,-2.0973,2.2548,-2.3601
2556.729942852,0.01,0.0053,1.0389,-1.0168,2.102,-2.0972,2.2613,-2.3667
2556.734942852,0.01,0.0053,1.0367,-1.0146,2.102,-2.0972,2.268,-2.3733
2556.739942852,0.01,0.0053,1.0345,-1.0123,2.102,-2.0972,2.2747,-2.3801
2556.744942852,0.01,0.0053,1.0322,-1.01,2.102,-2.0971,2.2815,-2.387
2556.749942852,0.01,0.0053,1.0299,-1.0077,2.102,-2.0971,2.2885,-2.3939
2556.754942852,0.01,0.0053,1.0276,-1.0053,2.102,-2.097,2.2955,-2.401
2556.759942851,0.01,0.0053,1.0252,-1.0029,2.102,-2.097,2.3026,-2.4081
2556.764942851,0.01,0.0053,1.0228,-1.0004,2.102,-2.0969,2.3098,-2.4153
2556.769942851,0.01,0.0053,1.0204,-0.998,2.102,-2.0968,2.317,-2.4226
2556.774942851,0.01,0.0053,1.0179,-0.9955,2.102,-2.0967,2.3244,-2.43
2556.779942851,0.01,0.0053,1.0154,-0.993,2.1019,-2.0966,2.3319,-2.4375
2556.784942851,0.01,0.0053,1.0129,-0.9904,2.1019,-2.0966,2.3394,-2.445
2556.789942851,0.01,0.0053,1.0103,-0.9878,2.1018,-2.0964,2.347,-2.4526
2556.794942851,0.01,0.0053,1.0077,-0.9852,2.1018,-2.0963,2.3547,-2.4603
