time_sec,hip_L_Joint_pos_rad,hip_R_Joint_pos_rad,thigh_L_Joint_pos_rad,thigh_R_Joint_pos_rad,knee_L_Joint_pos_rad,knee_R_Joint_pos_rad,wheel_L_Joint_pos_rad,wheel_R_Joint_pos_rad,hip_L_Joint_vel_rad/s,hip_R_Joint_vel_rad/s,thigh_L_Joint_vel_rad/s,thigh_R_Joint_vel_rad/s,knee_L_Joint_vel_rad/s,knee_R_Joint_vel_rad/s,wheel_L_Joint_vel_rad/s,wheel_R_Joint_vel_rad/s,hip_L_Joint_torque,hip_R_Joint_torque,thigh_L_Joint_torque,thigh_R_Joint_torque,knee_L_Joint_torque,knee_R_Joint_torque,wheel_L_Joint_torque,wheel_R_Joint_torque
0.0,0.0023,0.0074,0.28,-0.2748,1.7997,-1.7943,2.992,-3.13,0.0121,0.0123,-0.001,0.0061,0.0005,0.0001,-0.03,-0.0002,-0.6934359669685364,-0.8717055916786194,3.1173312664031982,-1.5641685724258423,1.5879141092300415,-2.8563432693481445,-0.4585803747177124,0.35438472032546997
0.01,0.002,0.0069,0.2816,-0.2762,1.8008,-1.7952,2.9888,-3.1282,0.0371,0.0004,0.2969,-0.2477,0.1917,-0.2149,-0.6308,0.327,-1.2372888326644897,-0.91585373878479,2.8126585483551025,-1.0796749591827393,0.3790598213672638,-3.0414726734161377,-0.39534252882003784,0.4004402160644531
0.019999999,0.0015,0.0053,0.2887,-0.2825,1.8056,-1.8,2.9745,-3.1198,-0.0029,-0.1295,0.7881,-0.7303,0.5296,-0.5765,-1.6555,0.9828,-1.2437713146209717,-0.7290017604827881,2.743464708328247,-0.8000919222831726,-0.29164019227027893,-2.6039042472839355,-0.23990628123283386,0.3019285202026367
0.029999999000000003,0.0006,0.0026,0.2995,-0.2929,1.8128,-1.8077,2.9522,-3.105,-0.0345,-0.2214,1.1277,-1.1037,0.749,-0.8428,-2.4011,1.6171,-1.065933346748352,-0.6801512837409973,2.6588618755340576,-0.7105695605278015,-0.4275406301021576,-2.2129251956939697,-0.13700999319553375,0.1901758462190628
0.039999999,-0.0003,-0.0003,0.3128,-0.3062,1.8218,-1.8174,2.9238,-3.0842,-0.0216,-0.1379,1.3587,-1.3335,0.9159,-1.0433,-2.9717,2.3208,-0.9244137406349182,-0.743622362613678,2.4828171730041504,-0.661530077457428,-0.4261687994003296,-1.9651007652282715,-0.06191045790910721,0.07218383997678757
0.049999999,-0.0009,-0.0021,0.328,-0.3214,1.832,-1.8284,2.8902,-3.0574,-0.0279,-0.1529,1.5381,-1.5675,1.0246,-1.1268,-3.4974,2.7742,-0.8131296634674072,-0.7983853220939636,2.3015799522399902,-0.6256793141365051,-0.4479990303516388,-1.7908568382263184,0.009333253838121891,-0.024920977652072906
0.059999999000000005,-0.0012,-0.0035,0.3448,-0.3383,1.843,-1.8402,2.8519,-3.0263,-0.0009,-0.1119,1.6939,-1.7488,1.1017,-1.1889,-3.9548,3.1833,-0.7241776585578918,-0.8530788421630859,2.130176544189453,-0.5733098983764648,-0.4636404812335968,-1.6625618934631348,0.07646743953227997,-0.11791463196277618
0.06999999800000001,-0.0012,-0.0045,0.3629,-0.3564,1.8546,-1.8523,2.8098,-2.9917,0.0121,-0.0835,1.8123,-1.8557,1.1525,-1.2154,-4.3067,3.512,-0.6494262218475342,-0.8845657110214233,2.0003490447998047,-0.5479015707969666,-0.4642259478569031,-1.5783072710037231,0.13286687433719635,-0.1980520784854889
0.079999998,-0.0012,-0.0053,0.3822,-0.3755,1.8667,-1.8647,2.7646,-2.9545,0.0084,-0.0746,1.9223,-1.9218,1.1898,-1.2214,-4.5933,3.7629,-0.587155282497406,-0.8984880447387695,1.902195692062378,-0.5675348043441772,-0.45276451110839844,-1.5023728609085083,0.17793388664722443,-0.26311060786247253
0.08999999800000001,-0.0012,-0.006,0.4023,-0.395,1.8789,-1.8769,2.7169,-2.9153,0.0083,-0.0666,2.009,-1.9681,1.2039,-1.2103,-4.8266,3.9282,-0.539659321308136,-0.9121885895729065,1.821219801902771,-0.6051351428031921,-0.4240458905696869,-1.4348033666610718,0.21404460072517395,-0.3142653703689575
0.099999998,-0.0012,-0.0066,0.4233,-0.4149,1.8912,-1.889,2.6672,-2.875,0.0068,-0.063,2.0814,-2.0026,1.205,-1.191,-5.0224,4.0348,-0.5020922422409058,-0.9200006127357483,1.7537990808486938,-0.6578146815299988,-0.3902722895145416,-1.3718656301498413,0.24432501196861267,-0.35454800724983215
0.109999997,-0.0012,-0.0073,0.4448,-0.4351,1.9034,-1.9008,2.6158,-2.8339,0.0074,-0.06,2.1394,-2.0262,1.1941,-1.1658,-5.1904,4.097,-0.47113037109375,-0.9205650687217712,1.6968445777893066,-0.7221879959106445,-0.35194215178489685,-1.3102593421936035,0.2710253596305847,-0.38768553733825684
0.11999999700000001,-0.0012,-0.0079,0.4669,-0.4555,1.9154,-1.9123,2.563,-2.7925,0.0114,-0.0544,2.1851,-2.0403,1.1728,-1.1363,-5.3297,4.1252,-0.44300392270088196,-0.9199378490447998,1.6511917114257812,-0.795728325843811,-0.30715620517730713,-1.249338984489441,0.29528701305389404,-0.4160973131656647
0.129999997,-0.0012,-0.0085,0.4893,-0.4759,1.9272,-1.9235,2.5088,-2.751,0.0107,-0.0545,2.2208,-2.0489,1.1444,-1.1016,-5.4485,4.1317,-0.41098272800445557,-0.9107252359390259,1.6175427436828613,-0.8804212212562561,-0.26037806272506714,-1.194871425628662,0.31809166073799133,-0.4408853352069855
0.13999999700000001,-0.0012,-0.0091,0.5119,-0.4964,1.9386,-1.9343,2.4536,-2.7095,0.0114,-0.054,2.2484,-2.055,1.1099,-1.0658,-5.5529,4.1192,-0.3742524981498718,-0.8983624577522278,1.5860779285430908,-0.9716442823410034,-0.21098321676254272,-1.1410529613494873,0.34007930755615234,-0.46344926953315735
0.149999997,-0.0012,-0.0097,0.5348,-0.5169,1.9496,-1.9448,2.3976,-2.6683,0.0123,-0.0533,2.2694,-2.0601,1.0711,-1.0299,-5.6369,4.0901,-0.332383394241333,-0.8848455548286438,1.5553126335144043,-1.0669262409210205,-0.15653470158576965,-1.0853314399719238,0.3606492877006531,-0.4836764335632324
0.159999996,-0.0012,-0.0104,0.5579,-0.5376,1.9602,-1.9548,2.3407,-2.6275,0.0087,-0.058,2.2829,-2.0655,1.0284,-0.9923,-5.7058,4.0503,-0.28388726711273193,-0.8655931949615479,1.525730848312378,-1.163097858428955,-0.09799987822771072,-1.0297585725784302,0.380113810300827,-0.5015950798988342
0.16999999600000001,-0.0012,-0.011,0.581,-0.5583,1.9704,-1.9646,2.2833,-2.5871,0.0077,-0.06,2.2888,-2.0726,0.9816,-0.9561,-5.7628,4.0007,-0.23110057413578033,-0.848176121711731,1.5019583702087402,-1.2554965019226074,-0.02876419946551323,-0.9687962532043457,0.39918091893196106,-0.5173912644386292
0.17999999600000002,-0.0012,-0.0117,0.6042,-0.579,1.98,-1.9739,2.2254,-2.5473,0.0063,-0.0637,2.2922,-2.08,0.9342,-0.9195,-5.8072,3.9453,-0.17422610521316528,-0.8282818794250488,1.4792325496673584,-1.3395494222640991,0.05057856813073158,-0.9054790139198303,0.4185689389705658,-0.5314134955406189
0.189999996,-0.0012,-0.0123,0.6273,-0.5999,1.9892,-1.983,2.1671,-2.5081,0.0006,-0.0707,2.288,-2.0851,0.8841,-0.8803,-5.8378,3.8874,-0.11297600716352463,-0.8057706356048584,1.466898798942566,-1.4192118644714355,0.14043909311294556,-0.8389396667480469,0.4376024901866913,-0.5430949330329895
0.199999995,-0.0012,-0.013,0.6503,-0.6208,1.9978,-1.9916,2.1086,-2.4695,0.0003,-0.0705,2.2785,-2.0897,0.8312,-0.8426,-5.8553,3.828,-0.04903619736433029,-0.7849501371383667,1.4583402872085571,-1.4890332221984863,0.24280139803886414,-0.7650635242462158,0.4574996829032898,-0.5537330508232117
0.20999999500000002,-0.0012,-0.0137,0.6732,-0.6418,2.0059,-1.9998,2.05,-2.4315,0.0008,-0.0681,2.2632,-2.0922,0.7774,-0.8031,-5.8628,3.7722,0.01936717890202999,-0.7629175186157227,1.453185796737671,-1.5505015850067139,0.35552504658699036,-0.6875361204147339,0.47874242067337036,-0.5630283951759338
0.219999995,-0.0012,-0.0143,0.6959,-0.6628,2.0134,-2.0077,1.9914,-2.3939,0.0002,-0.0647,2.2424,-2.09,0.7228,-0.7608,-5.8573,3.7258,0.08977367728948593,-0.7374020218849182,1.4476505517959595,-1.6046807765960693,0.47424212098121643,-0.6116708517074585,0.5008740425109863,-0.5709752440452576
0.229999995,-0.0012,-0.0149,0.7184,-0.6836,2.0204,-2.015,1.9329,-2.3567,0.0049,-0.0543,2.2173,-2.0785,0.6669,-0.7173,-5.8431,3.6908,0.15435874462127686,-0.710161566734314,1.4357028007507324,-1.652591347694397,0.5885611176490784,-0.5438542366027832,0.5244402289390564,-0.5784240365028381
0.23999999500000002,-0.0012,-0.0154,0.7405,-0.7044,2.0268,-2.0219,1.8748,-2.3197,0.0092,-0.0405,2.1859,-2.0607,0.6114,-0.6721,-5.8093,3.6686,0.2089988738298416,-0.6795825362205505,1.41274893283844,-1.684323787689209,0.6917732357978821,-0.4958741068840027,0.5479881763458252,-0.5855227708816528
0.249999994,-0.0012,-0.0158,0.7623,-0.7249,2.0327,-2.0283,1.817,-2.2829,0.0111,-0.0287,2.1466,-2.0371,0.5557,-0.6235,-5.7579,3.6576,0.2515020966529846,-0.6432390213012695,1.3824925422668457,-1.7038702964782715,0.7770588397979736,-0.4689655900001526,0.5713216662406921,-0.5918375253677368
0.259999994,-0.0012,-0.0162,0.7836,-0.7451,2.038,-2.0342,1.76,-2.2461,0.0118,-0.0176,2.0998,-2.0071,0.5001,-0.5736,-5.6805,3.6485,0.2831152379512787,-0.6019408106803894,1.3485084772109985,-1.7146191596984863,0.8467916250228882,-0.4573393762111664,0.5933343768119812,-0.5969600677490234
0.269999994,-0.0012,-0.0164,0.8045,-0.765,2.0428,-2.0396,1.7043,-2.2095,0.0105,-0.008,2.0568,-1.9735,0.4485,-0.524,-5.5281,3.6319,0.3067372143268585,-0.5594735741615295,1.3147324323654175,-1.7141271829605103,0.9031839966773987,-0.4584213197231293,0.6087101101875305,-0.5996463894844055
0.27999999400000003,-0.0012,-0.0166,0.8249,-0.7845,2.047,-2.0445,1.6507,-2.1732,0.0093,-0.0001,2.0172,-1.9371,0.3998,-0.4743,-5.295,3.6012,0.32451799511909485,-0.5149838924407959,1.282077670097351,-1.700234055519104,0.947821855545044,-0.4694790244102478,0.6152876019477844,-0.5987091660499573
0.289999993,-0.0012,-0.0166,0.8449,-0.8037,2.0508,-2.049,1.5998,-2.1373,0.0061,0.0025,1.9786,-1.8984,0.3547,-0.425,-5.0007,3.5569,0.3393884599208832,-0.469997763633728,1.2510799169540405,-1.6760506629943848,0.9819222092628479,-0.4882016181945801,0.6137670874595642,-0.5936951041221619
0.299999993,-0.0011,-0.0166,0.8645,-0.8224,2.0542,-2.0529,1.5521,-2.102,0.0001,-0.0007,1.9388,-1.8568,0.3128,-0.3775,-4.6658,3.5016,0.3515342175960541,-0.4249100983142853,1.2189478874206543,-1.6423163414001465,1.0059363842010498,-0.5119067430496216,0.6055080890655518,-0.5850746035575867
0.30999999300000003,-0.001,-0.0165,0.8836,-0.8408,2.0571,-2.0565,1.5079,-2.0673,0.0001,-0.0009,1.8949,-1.8126,0.2709,-0.3329,-4.3115,3.4354,0.362679660320282,-0.3865639269351959,1.1841973066329956,-1.5980064868927002,1.0218632221221924,-0.5363503098487854,0.5920605063438416,-0.5737996697425842
0.31999999300000004,-0.0008,-0.0164,0.9022,-0.8586,2.0595,-2.0596,1.4672,-2.0333,0.0048,0.0021,1.8442,-1.7652,0.2297,-0.2901,-3.9542,3.3616,0.3706740438938141,-0.35463327169418335,1.1449345350265503,-1.5450327396392822,1.0296225547790527,-0.5612422227859497,0.574927031993866,-0.5603803992271423
0.329999992,-0.0006,-0.0162,0.9203,-0.876,2.0616,-2.0623,1.4301,-2.0001,0.0059,0.0002,1.7862,-1.7115,0.1921,-0.2472,-3.607,3.2877,0.37905237078666687,-0.32480570673942566,1.1036356687545776,-1.4890655279159546,1.0310622453689575,-0.589362621307373,0.5555866360664368,-0.5453640222549438
0.33999999200000003,-0.0003,-0.016,0.9377,-0.8928,2.0633,-2.0646,1.3962,-1.9677,0.0093,0.0002,1.7181,-1.6503,0.1552,-0.2072,-3.2814,3.2183,0.38378122448921204,-0.29909828305244446,1.0593335628509521,-1.429553747177124,1.0280859470367432,-0.6179893016815186,0.5355066061019897,-0.5298916101455688
0.34999999200000004,0.0,-0.0157,0.9543,-0.9089,2.0646,-2.0665,1.3654,-1.9359,0.0073,-0.0003,1.6368,-1.5811,0.1265,-0.1684,-3.0001,3.1536,0.388033002614975,-0.2777869999408722,1.0130164623260498,-1.3710218667984009,1.0219995975494385,-0.6488450169563293,0.5172030925750732,-0.5144792795181274
0.35999999200000005,0.0003,-0.0154,0.97,-0.9243,2.0656,-2.0681,1.3373,-1.9047,-0.0001,0.0085,1.5451,-1.5066,0.0897,-0.1347,-2.7249,3.093,0.3915098011493683,-0.26213860511779785,0.9646903276443481,-1.3074886798858643,1.015345573425293,-0.681921660900116,0.4978702962398529,-0.4994526207447052
0.369999992,0.0004,-0.0151,0.9848,-0.9388,2.0662,-2.0693,1.3116,-1.874,-0.0002,0.0123,1.441,-1.4229,0.0595,-0.1043,-2.4933,3.0429,0.39697974920272827,-0.24810828268527985,0.91646409034729,-1.2469666004180908,1.0068093538284302,-0.7175894975662231,0.48066240549087524,-0.4854373335838318
0.37999999100000004,0.0005,-0.0148,0.9983,-0.9524,2.0666,-2.0703,1.288,-1.8438,-0.0002,0.0141,1.3238,-1.3297,0.0335,-0.078,-2.2984,3.0005,0.40202024579048157,-0.2352440506219864,0.8719294667243958,-1.1897203922271729,0.997954785823822,-0.7551884055137634,0.4653911888599396,-0.4725373089313507
0.38999999100000005,0.0006,-0.0145,1.0107,-0.9651,2.0668,-2.071,1.2663,-1.814,0.0016,0.0203,1.1992,-1.2294,0.0068,-0.0603,-2.1194,2.9641,0.40527036786079407,-0.22782668471336365,0.8303647637367249,-1.1345998048782349,0.9877880215644836,-0.7927640080451965,0.4508606493473053,-0.4607379734516144
0.399999991,0.0007,-0.0143,1.0221,-0.9767,2.0668,-2.0715,1.2472,-1.7845,0.0446,0.0517,1.1176,-1.1253,-0.0134,-0.0616,-1.7853,2.9257,0.3974728584289551,-0.2316984385251999,0.7897391319274902,-1.0695313215255737,0.9622882604598999,-0.8259682655334473,0.4218975901603699,-0.44808533787727356
0.409999991,0.0009,-0.0142,1.0327,-0.9873,2.0666,-2.0719,1.2315,-1.7554,0.0048,0.0017,1.0403,-1.0147,-0.0155,-0.0258,-1.4651,2.9009,0.4065859019756317,-0.190933957695961,0.7559667825698853,-1.0306299924850464,0.9468252062797546,-0.8792135715484619,0.390251100063324,-0.4319458603858948
0.41999999000000005,0.001,-0.0142,1.0424,-0.9968,2.0664,-2.0721,1.2185,-1.7271,0.0,-0.0117,0.9475,-0.9213,-0.0265,-0.0178,-1.2123,2.802,0.4038160443305969,-0.15400177240371704,0.7235900163650513,-0.9914962649345398,0.9271481037139893,-0.917717456817627,0.3605882525444031,-0.41067206859588623
0.42999999000000005,0.001,-0.0142,1.0511,-1.0056,2.0661,-2.0723,1.2076,-1.7005,0.0354,0.0264,0.834,-0.8518,-0.0384,-0.0222,-1.0325,2.6064,0.3827381730079651,-0.13581688702106476,0.6953131556510925,-0.9485491514205933,0.8979082107543945,-0.9309166669845581,0.33442485332489014,-0.38341188430786133
0.43999999,0.0011,-0.0142,1.0586,-1.0138,2.0657,-2.0723,1.1982,-1.6757,0.0,-0.0032,0.7223,-0.7856,-0.0363,-0.0002,-0.8931,2.4237,0.3713679015636444,-0.09125217795372009,0.6698235273361206,-0.9219860434532166,0.88044273853302,-0.9489871263504028,0.31105005741119385,-0.3553628921508789
0.44999999,0.0011,-0.0142,1.065,-1.0213,2.0653,-2.0723,1.1897,-1.6527,-0.0001,0.0016,0.6003,-0.7306,-0.0389,0.0012,-0.826,2.2564,0.3507930040359497,-0.05238765478134155,0.6465088725090027,-0.8842282891273499,0.8649470806121826,-0.9555762410163879,0.292118638753891,-0.33051547408103943
0.45999999,0.0011,-0.0142,1.0701,-1.0282,2.065,-2.0722,1.1815,-1.6314,-0.0004,0.0047,0.4676,-0.6795,-0.0333,0.0113,-0.8114,2.0753,0.3264751434326172,-0.009659170173108578,0.6329293847084045,-0.849145233631134,0.8515945076942444,-0.9598551988601685,0.27742427587509155,-0.30595487356185913
0.469999989,0.0011,-0.0142,1.0738,-1.0346,2.0647,-2.0721,1.1732,-1.6116,-0.0005,-0.0002,0.3299,-0.6211,-0.0234,0.0138,-0.8375,1.9451,0.3011990189552307,0.03595690429210663,0.6307932734489441,-0.8114972710609436,0.8445178866386414,-0.9650616645812988,0.26585331559181213,-0.28663772344589233
0.479999989,0.001,-0.0142,1.0764,-1.0405,2.0645,-2.072,1.165,-1.5932,-0.001,-0.0014,0.2323,-0.5694,-0.0153,0.0171,-0.7639,1.7947,0.28092649579048157,0.07996892929077148,0.6417051553726196,-0.7796539664268494,0.836787223815918,-0.9792735576629639,0.2465633600950241,-0.2655559182167053
0.489999989,0.001,-0.0142,1.0783,-1.0459,2.0643,-2.0718,1.1588,-1.5763,-0.001,-0.0013,0.171,-0.5195,-0.0103,0.0195,-0.5721,1.6509,0.26177525520324707,0.12421232461929321,0.6654245853424072,-0.7449601292610168,0.8288554549217224,-1.0010823011398315,0.21511763334274292,-0.24324263632297516
0.49999998900000003,0.001,-0.0142,1.0797,-1.0509,2.0642,-2.0716,1.1542,-1.5608,-0.0029,-0.0036,0.1203,-0.4744,-0.0034,0.0203,-0.4025,1.5147,0.24190957844257355,0.17119866609573364,0.6979841589927673,-0.708570659160614,0.8224010467529297,-1.0270975828170776,0.18139831721782684,-0.21999593079090118
0.509999988,0.001,-0.0142,1.0806,-1.0554,2.0641,-2.0714,1.1512,-1.5466,0.0005,0.0006,0.0764,-0.433,-0.0062,0.0218,-0.2713,1.3866,0.21902085840702057,0.2175140678882599,0.7362011671066284,-0.6695683002471924,0.817549467086792,-1.0541269779205322,0.14794017374515533,-0.19639946520328522
0.519999988,0.001,-0.0142,1.0812,-1.0595,2.0641,-2.0711,1.1491,-1.5336,-0.0012,-0.0015,0.0491,-0.395,0.0,0.021,-0.1737,1.2645,0.1961902379989624,0.26706746220588684,0.7746254801750183,-0.6319352388381958,0.8117813467979431,-1.0822930335998535,0.11640498787164688,-0.1726556420326233
0.529999988,0.001,-0.0142,1.0817,-1.0632,2.064,-2.0709,1.1477,-1.5217,-0.001,-0.0012,0.0286,-0.3565,0.0,0.0219,-0.1177,1.1519,0.173124298453331,0.31636446714401245,0.8089478015899658,-0.5932937860488892,0.8051703572273254,-1.1095154285430908,0.08792749047279358,-0.14975909888744354
0.539999988,0.001,-0.0142,1.082,-1.0666,2.064,-2.0707,1.1466,-1.511,0.0009,0.0005,0.0215,-0.3226,0.0008,0.0182,-0.0995,1.0458,0.1495218276977539,0.3632052540779114,0.836646318435669,-0.5549481511116028,0.7941784262657166,-1.132676124572754,0.06337268650531769,-0.12810878455638885
0.549999988,0.001,-0.0142,1.0824,-1.0697,2.064,-2.0705,1.1455,-1.5012,0.0009,0.0004,0.026,-0.2915,0.0006,0.0172,-0.1154,0.9486,0.12488032877445221,0.40596508979797363,0.8494551181793213,-0.5196961164474487,0.7778286933898926,-1.1490594148635864,0.04426697641611099,-0.10880732536315918
0.5599999870000001,0.001,-0.0142,1.0828,-1.0724,2.0639,-2.0703,1.1439,-1.4923,0.0002,-0.0001,0.0393,-0.2622,-0.0005,0.0171,-0.1596,0.8578,0.09891878068447113,0.44347772002220154,0.8469637632369995,-0.4892943501472473,0.7541706562042236,-1.1572554111480713,0.030791155993938446,-0.09224293380975723
0.569999987,0.001,-0.0142,1.0835,-1.0749,2.0639,-2.0701,1.1418,-1.4843,-0.0004,-0.0023,0.0606,-0.2347,-0.0012,0.016,-0.2229,0.7725,0.0714864581823349,0.4761190116405487,0.8290042281150818,-0.4649260938167572,0.7213769555091858,-1.1583598852157593,0.02261062152683735,-0.07822918146848679
0.579999987,0.001,-0.0142,1.0844,-1.0772,2.0638,-2.07,1.1389,-1.4771,0.0018,0.0009,0.0796,-0.206,-0.0069,0.0151,-0.2983,0.6924,0.042571455240249634,0.5033942461013794,0.7991943955421448,-0.4431493878364563,0.6818430423736572,-1.1535369157791138,0.017855918034911156,-0.06650830805301666
0.589999987,0.001,-0.0142,1.0855,-1.0791,2.0637,-2.0698,1.1353,-1.4707,-0.0033,-0.0038,0.1091,-0.1855,-0.0035,0.0152,-0.3745,0.6187,0.013898269273340702,0.5313298106193542,0.7567430734634399,-0.4264107942581177,0.6345832347869873,-1.1456329822540283,0.01618952862918377,-0.05720210075378418
0.599999986,0.001,-0.0142,1.0868,-1.0809,2.0636,-2.0697,1.1309,-1.465,0.0064,0.0064,0.1279,-0.1619,-0.0098,0.01,-0.4486,0.5457,-0.017868099734187126,0.5536972880363464,0.7083718180656433,-0.41048479080200195,0.5813973546028137,-1.1335844993591309,0.014605327509343624,-0.04830729216337204
0.609999986,0.001,-0.0142,1.0884,-1.0825,2.0634,-2.0695,1.1259,-1.46,0.0011,0.0035,0.1482,-0.14,-0.0108,0.0103,-0.5126,0.4797,-0.04895681515336037,0.5804860591888428,0.6492571234703064,-0.39730849862098694,0.5200231075286865,-1.1232786178588867,0.01352113950997591,-0.04075375571846962
0.6199999860000001,0.001,-0.0142,1.0901,-1.0838,2.0632,-2.0694,1.1203,-1.4557,0.0057,0.0061,0.1627,-0.1204,-0.0147,0.0092,-0.5661,0.4124,-0.0835421085357666,0.607759416103363,0.5834898948669434,-0.3854384422302246,0.4496610462665558,-1.111987590789795,0.010965295135974884,-0.03292223438620567
0.6299999860000001,0.001,-0.0142,1.0919,-1.0849,2.0631,-2.0693,1.1143,-1.4519,-0.0001,0.0003,0.1769,-0.0997,-0.0135,0.0096,-0.604,0.3504,-0.11882590502500534,0.641067624092102,0.5094220042228699,-0.3775365352630615,0.3656143844127655,-1.104441523551941,0.0071151526644825935,-0.025404062122106552
0.6399999860000001,0.001,-0.0142,1.0938,-1.0859,2.0629,-2.0692,1.108,-1.4488,-0.0002,0.0,0.1853,-0.0796,-0.0148,0.0082,-0.6281,0.2926,-0.1587083488702774,0.6759563684463501,0.42783769965171814,-0.37099775671958923,0.26855048537254333,-1.0984818935394287,0.0007950402796268463,-0.017717929556965828
0.649999985,0.001,-0.0142,1.0958,-1.0867,2.0627,-2.0692,1.1015,-1.4462,0.0049,0.0041,0.1879,-0.0659,-0.0161,0.0021,-0.6383,0.237,-0.20627140998840332,0.7114852070808411,0.3401424288749695,-0.3639335334300995,0.15774837136268616,-1.091058611869812,-0.008405858650803566,-0.009786531329154968
0.659999985,0.001,-0.0142,1.0977,-1.0873,2.0624,-2.0691,1.0951,-1.4442,-0.0007,-0.0015,0.1851,-0.0463,-0.016,0.0084,-0.6347,0.1905,-0.25829219818115234,0.7512838244438171,0.24688468873500824,-0.3600436747074127,0.03128127008676529,-1.0867646932601929,-0.019364770501852036,-0.002875111298635602
0.669999985,0.001,-0.0142,1.0996,-1.0878,2.0622,-2.0691,1.0888,-1.4425,-0.001,-0.0013,0.1834,-0.0346,-0.0163,0.008,-0.619,0.148,-0.3152579665184021,0.7872332334518433,0.15261594951152802,-0.3593725860118866,-0.10333509743213654,-1.0783101320266724,-0.031898390501737595,0.003321592230349779
0.679999985,0.001,-0.0142,1.1014,-1.0882,2.062,-2.069,1.0828,-1.4413,-0.0066,-0.0066,0.1815,-0.027,-0.0143,0.0091,-0.5912,0.1099,-0.3737441301345825,0.8197365999221802,0.06297977268695831,-0.363302618265152,-0.23920570313930511,-1.067288875579834,-0.0445406436920166,0.008174252696335316
0.6899999840000001,0.0011,-0.0141,1.1031,-1.0885,2.0618,-2.069,1.0771,-1.4404,-0.0001,-0.0001,0.1657,-0.0137,-0.0164,0.0068,-0.5538,0.0761,-0.43585020303726196,0.8396450877189636,-0.017897574231028557,-0.3677387237548828,-0.3667396008968353,-1.0506279468536377,-0.05813700705766678,0.012155953794717789
0.6999999840000001,0.001,-0.0141,1.1047,-1.0887,2.0616,-2.069,1.0718,-1.4398,0.0003,0.0002,0.1513,-0.0015,-0.0121,0.0021,-0.5067,0.0442,-0.4947437644004822,0.8542154431343079,-0.09161612391471863,-0.3761790096759796,-0.48476535081863403,-1.033592939376831,-0.07105937600135803,0.015339589677751064
0.7099999840000001,0.0011,-0.0141,1.1061,-1.0888,2.0614,-2.069,1.067,-1.4395,-0.0004,-0.0003,0.1377,0.0018,-0.0109,0.0052,-0.4569,0.0316,-0.5508530139923096,0.8611138463020325,-0.15492990612983704,-0.3869653344154358,-0.5873087048530579,-1.0198360681533813,-0.08236557245254517,0.016800517216324806
0.7199999840000001,0.0011,-0.0141,1.1074,-1.0889,2.0613,-2.069,1.0628,-1.4391,0.0098,0.0098,0.1188,-0.0006,-0.0135,0.0013,-0.4037,0.034,-0.603630006313324,0.8583112359046936,-0.20812411606311798,-0.39650020003318787,-0.6702763438224792,-1.0068671703338623,-0.09270875155925751,0.017269155010581017
0.729999984,0.0012,-0.014,1.1085,-1.089,2.0611,-2.069,1.0591,-1.4388,0.0112,0.0112,0.1027,-0.0004,-0.0121,0.0008,-0.3467,0.0303,-0.6480240821838379,0.8504592776298523,-0.2532419264316559,-0.4062751531600952,-0.7365285754203796,-0.9969154596328735,-0.10146698355674744,0.017763536423444748
0.739999983,0.0013,-0.0139,1.1094,-1.0891,2.0609,-2.069,1.056,-1.4384,0.0122,0.0122,0.0848,-0.0005,-0.0102,0.0008,-0.288,0.0311,-0.6847217082977295,0.8395299911499023,-0.2901313304901123,-0.4145466089248657,-0.7874640226364136,-0.9890515804290771,-0.10888873040676117,0.017833782359957695
0.749999983,0.0014,-0.0138,1.1101,-1.0893,2.0608,-2.069,1.0535,-1.4381,0.0128,0.0128,0.0666,-0.0005,-0.0081,0.0007,-0.228,0.0298,-0.7142619490623474,0.8271833062171936,-0.3192158341407776,-0.4203294515609741,-0.8259029388427734,-0.9825744032859802,-0.11523294448852539,0.017836691811680794
0.759999983,0.0014,-0.0137,1.1106,-1.0894,2.0607,-2.0691,1.0516,-1.4377,0.012,0.0116,0.05,-0.0009,-0.0031,0.0005,-0.1659,0.0309,-0.7363744378089905,0.8157455325126648,-0.34173840284347534,-0.4249955713748932,-0.8552639484405518,-0.9767897129058838,-0.12070558965206146,0.017676135525107384
0.769999983,0.0015,-0.0137,1.111,-1.0895,2.0606,-2.0691,1.0503,-1.4373,0.0126,0.0138,0.0362,-0.0087,-0.0019,0.0009,-0.1044,0.0357,-0.7537551522254944,0.8043133020401001,-0.35840389132499695,-0.4277253746986389,-0.8758352994918823,-0.97194904088974,-0.12534989416599274,0.01722860336303711
0.7799999820000001,0.0016,-0.0136,1.1111,-1.0897,2.0605,-2.0691,1.0496,-1.4369,0.014,0.0131,0.0122,-0.0012,-0.0006,0.0004,-0.0427,0.0321,-0.7675520777702332,0.7923548817634583,-0.36915823817253113,-0.4286375343799591,-0.889324426651001,-0.9662907123565674,-0.12987136840820312,0.017351215705275536
0.7899999820000001,0.0017,-0.0135,1.1111,-1.0898,2.0605,-2.0691,1.0495,-1.4366,0.0144,0.0136,-0.0009,-0.0023,0.0001,0.0004,-0.0018,0.0351,-0.778033971786499,0.7811366319656372,-0.3760611116886139,-0.4285901188850403,-0.8989117741584778,-0.9607617855072021,-0.13309027254581451,0.01716616004705429
0.799999982,0.0017,-0.0134,1.1111,-1.09,2.0604,-2.0691,1.0496,-1.4361,0.0144,0.0137,-0.001,-0.0031,0.0001,0.0005,-0.0014,0.0395,-0.7852975726127625,0.7721717953681946,-0.3819303810596466,-0.42825421690940857,-0.905424952507019,-0.9552158713340759,-0.13421042263507843,0.01685446687042713
0.809999982,0.0018,-0.0134,1.1111,-1.0901,2.0604,-2.0691,1.0496,-1.4357,0.0151,0.015,-0.0015,-0.0029,0.0008,-0.0002,-0.0014,0.0466,-0.7910956740379333,0.7646175026893616,-0.3861355185508728,-0.4280015230178833,-0.9096994996070862,-0.9503052830696106,-0.1351158767938614,0.016546843573451042
0.819999982,0.0019,-0.0133,1.111,-1.0903,2.0604,-2.0691,1.0496,-1.4352,0.0147,0.0138,-0.0009,-0.0027,0.0002,0.0003,-0.0017,0.0413,-0.7953382134437561,0.7575652003288269,-0.388124942779541,-0.4270869493484497,-0.912397027015686,-0.9455119371414185,-0.1359461396932602,0.016747256740927696
0.829999981,0.0019,-0.0132,1.111,-1.0904,2.0603,-2.0691,1.0496,-1.4347,0.0147,0.0141,-0.0014,-0.0055,-0.0001,0.0008,0.0,0.0427,-0.7991766929626465,0.751973569393158,-0.38989078998565674,-0.4264831244945526,-0.9146696329116821,-0.941387414932251,-0.13679365813732147,0.016515512019395828
0.8399999810000001,0.002,-0.0132,1.111,-1.0906,2.0603,-2.0691,1.0497,-1.4342,0.0151,0.0146,-0.0001,-0.0113,0.0,0.0007,0.0007,0.0481,-0.8026122450828552,0.7470589280128479,-0.3911777138710022,-0.4248431921005249,-0.916304886341095,-0.9379995465278625,-0.13740693032741547,0.016015786677598953
0.8499999810000001,0.002,-0.0131,1.1109,-1.0908,2.0603,-2.0691,1.0498,-1.4337,0.0149,0.0146,-0.0015,-0.0031,0.0006,-0.0002,-0.0021,0.0453,-0.8040654063224792,0.7423478364944458,-0.3923191428184509,-0.4237011671066284,-0.917120635509491,-0.9336793422698975,-0.13780640065670013,0.016101950779557228
0.8599999810000001,0.0021,-0.0131,1.1109,-1.0909,2.0602,-2.0691,1.0498,-1.4332,0.0136,0.0121,-0.0009,-0.0032,0.0009,0.0002,0.0016,0.0415,-0.8052938580513,0.7385733127593994,-0.3938485383987427,-0.42274612188339233,-0.9173358678817749,-0.9300830960273743,-0.13831326365470886,0.01616930030286312
0.86999998,0.0021,-0.0131,1.1109,-1.0911,2.0602,-2.0691,1.0498,-1.4327,0.0148,0.0139,-0.0085,0.0022,0.0,0.0005,0.0001,0.0407,-0.807490885257721,0.7354205250740051,-0.3948931396007538,-0.42109739780426025,-0.9174626469612122,-0.9274113774299622,-0.13876692950725555,0.016165031120181084
0.87999998,0.0022,-0.013,1.1109,-1.0912,2.0602,-2.0691,1.0499,-1.4322,0.0146,0.0146,-0.0001,-0.0105,0.0001,0.0007,0.0024,0.0469,-0.808788537979126,0.731718122959137,-0.3957238793373108,-0.41912758350372314,-0.918034017086029,-0.9246959090232849,-0.13914525508880615,0.01551948394626379
0.88999998,0.0022,-0.013,1.1108,-1.0914,2.0602,-2.0691,1.0499,-1.4317,0.0143,0.0141,-0.0018,-0.0039,0.0007,-0.0003,-0.002,0.0459,-0.8092787861824036,0.729119598865509,-0.39587679505348206,-0.4177566170692444,-0.9179983139038086,-0.9216928482055664,-0.13930270075798035,0.01544869039207697
0.89999998,0.0022,-0.0129,1.1108,-1.0915,2.0602,-2.0691,1.05,-1.4313,0.0145,0.0144,-0.0011,-0.003,0.0,0.0007,0.0024,0.0366,-0.8096473217010498,0.7263225317001343,-0.3965120315551758,-0.41673973202705383,-0.918363630771637,-0.9186789989471436,-0.1397293210029602,0.015698131173849106
0.90999998,0.0023,-0.0129,1.1108,-1.0917,2.0602,-2.0691,1.05,-1.4308,0.0142,0.0142,-0.0012,-0.003,0.0002,0.0007,0.0024,0.0365,-0.810397744178772,0.7236086130142212,-0.39703068137168884,-0.4148586690425873,-0.9181824326515198,-0.9159864783287048,-0.13993394374847412,0.01548249926418066
0.9199999790000001,0.0023,-0.0129,1.1108,-1.0918,2.0601,-2.0691,1.05,-1.4304,0.0114,0.0119,-0.001,-0.0007,0.0001,0.0044,-0.0018,0.0427,-0.809818685054779,0.722285807132721,-0.39813464879989624,-0.4139178395271301,-0.9182700514793396,-0.9141354560852051,-0.13983599841594696,0.015019194222986698
0.9299999790000001,0.0023,-0.0129,1.1107,-1.092,2.0601,-2.0691,1.0501,-1.43,0.0144,0.0144,0.0,-0.0094,0.0003,0.0006,0.0036,0.0428,-0.8108898997306824,0.7207345366477966,-0.39733025431632996,-0.41158246994018555,-0.9185292720794678,-0.9117540717124939,-0.14047624170780182,0.014589803293347359
0.9399999790000001,0.0024,-0.0128,1.1107,-1.0921,2.0601,-2.0691,1.0502,-1.4295,0.0134,0.0131,-0.0016,-0.0056,0.0006,0.001,0.0003,0.0429,-0.8116263747215271,0.718380331993103,-0.3971954584121704,-0.41040903329849243,-0.9184327721595764,-0.9096277356147766,-0.14062626659870148,0.01441110484302044
0.9499999790000001,0.0024,-0.0128,1.1107,-1.0923,2.0601,-2.0691,1.0502,-1.429,0.0144,0.0144,-0.0021,-0.0039,0.0009,-0.0003,-0.0025,0.0455,-0.8120123147964478,0.7163101434707642,-0.39800167083740234,-0.4083145260810852,-0.9179500341415405,-0.9072179198265076,-0.14075113832950592,0.014123442582786083
0.959999978,0.0024,-0.0128,1.1107,-1.0924,2.0601,-2.0691,1.0503,-1.4286,0.0147,0.0146,-0.002,-0.0042,0.0009,-0.0004,0.001,0.0469,-0.8119423985481262,0.7147098779678345,-0.3989720344543457,-0.4067113697528839,-0.9176489114761353,-0.905031144618988,-0.1410571187734604,0.01390772219747305
0.969999978,0.0024,-0.0127,1.1106,-1.0926,2.0601,-2.0691,1.0503,-1.4281,0.0142,0.0142,-0.001,-0.0026,0.0003,0.0005,-0.0016,0.0445,-0.8114175796508789,0.7128288745880127,-0.39892518520355225,-0.40474921464920044,-0.917450487613678,-0.9023498892784119,-0.14119529724121094,0.013792339712381363
0.979999978,0.0025,-0.0127,1.1106,-1.0927,2.0601,-2.0691,1.0503,-1.4276,0.0139,0.0139,-0.0011,-0.0028,0.0002,0.0005,-0.0018,0.0413,-0.8117381930351257,0.7109236717224121,-0.39898577332496643,-0.40330421924591064,-0.9171222448348999,-0.9001171588897705,-0.14140035212039948,0.01375459972769022
0.9899999780000001,0.0025,-0.0127,1.1106,-1.0928,2.0601,-2.0691,1.0504,-1.4272,0.0139,0.0139,-0.0012,-0.0033,0.0001,0.0007,0.003,0.035,-0.8120243549346924,0.7095324993133545,-0.3991294801235199,-0.4022984504699707,-0.9173943996429443,-0.8983848690986633,-0.14176218211650848,0.013826776295900345
0.9999999780000001,0.0025,-0.0127,1.1106,-1.093,2.0601,-2.0691,1.0504,-1.4268,0.0135,0.0134,-0.0009,-0.0022,0.0003,0.0004,-0.0012,0.0364,-0.812110185623169,0.708508312702179,-0.3996768295764923,-0.40063580870628357,-0.9175434112548828,-0.8967642784118652,-0.14171692728996277,0.013527369126677513
1.009999977,0.0025,-0.0127,1.1106,-1.0931,2.06,-2.069,1.0504,-1.4264,0.0137,0.0137,-0.0018,-0.0036,0.0011,-0.0004,0.0004,0.0412,-0.8122912049293518,0.7077366709709167,-0.40017902851104736,-0.3993580937385559,-0.9174366593360901,-0.8955415487289429,-0.14200513064861298,0.013082930818200111
1.0199999770000001,0.0025,-0.0127,1.1105,-1.0932,2.06,-2.069,1.0505,-1.426,0.0141,0.0142,-0.001,-0.0025,0.0002,0.0006,-0.0015,0.0397,-0.8120848536491394,0.7070904970169067,-0.3998629152774811,-0.39840027689933777,-0.9175597429275513,-0.8941653370857239,-0.14215706288814545,0.012958211824297905
1.0299999770000001,0.0025,-0.0126,1.1105,-1.0934,2.06,-2.069,1.0505,-1.4256,0.0136,0.0136,-0.0018,-0.0016,0.0011,-0.0005,0.0002,0.0374,-0.8117728233337402,0.7057887315750122,-0.40010732412338257,-0.3964660167694092,-0.9176797866821289,-0.8919522762298584,-0.14245647192001343,0.012827516533434391
1.0399999770000001,0.0026,-0.0126,1.1105,-1.0935,2.06,-2.069,1.0506,-1.4252,0.0138,0.0137,-0.0009,-0.0019,0.0003,0.0006,-0.0012,0.0385,-0.8118855953216553,0.7041563391685486,-0.4003150165081024,-0.3949953317642212,-0.9172558188438416,-0.8901665210723877,-0.1425333470106125,0.012554868124425411
1.049999976,0.0026,-0.0126,1.1105,-1.0936,2.06,-2.069,1.0506,-1.4247,0.0139,0.0138,-0.0014,-0.003,0.0003,0.0006,-0.002,0.0424,-0.8119576573371887,0.7031219601631165,-0.40053293108940125,-0.39358770847320557,-0.9171646237373352,-0.8886611461639404,-0.1426587700843811,0.01218308787792921
1.059999976,0.0026,-0.0126,1.1105,-1.0937,2.06,-2.069,1.0506,-1.4244,0.0137,0.0136,-0.0009,-0.0019,0.0003,0.0006,-0.0011,0.0355,-0.8119961023330688,0.7023629546165466,-0.4008695185184479,-0.3927494287490845,-0.9174700379371643,-0.8874300122261047,-0.1428065150976181,0.012316050007939339
1.069999976,0.0026,-0.0126,1.1105,-1.0939,2.06,-2.069,1.0506,-1.424,0.0138,0.0138,-0.0014,-0.0036,0.0002,0.0007,0.002,0.0357,-0.8121960163116455,0.7017210721969604,-0.40105223655700684,-0.39097535610198975,-0.9178063273429871,-0.886466920375824,-0.14309526979923248,0.012002899311482906
1.079999976,0.0026,-0.0126,1.1104,-1.094,2.06,-2.069,1.0507,-1.4236,0.0134,0.0134,-0.0016,-0.0034,0.0003,0.0006,0.0031,0.0347,-0.8119950890541077,0.7012976408004761,-0.4003508687019348,-0.38985249400138855,-0.9182037115097046,-0.8854537010192871,-0.14335303008556366,0.011804822832345963
1.089999976,0.0026,-0.0125,1.1104,-1.0941,2.06,-2.069,1.0508,-1.4232,0.0116,0.012,-0.0015,-0.0019,0.0001,0.0039,0.0026,0.0377,-0.8110887408256531,0.7005594372749329,-0.4003245532512665,-0.38874080777168274,-0.9187790751457214,-0.8842622637748718,-0.14340999722480774,0.011442110873758793
1.099999975,0.0026,-0.0125,1.1104,-1.0942,2.06,-2.069,1.0509,-1.4229,0.0133,0.0134,-0.0016,-0.0034,0.0003,0.0006,0.0039,0.0348,-0.811362087726593,0.6997115015983582,-0.40037018060684204,-0.3874235153198242,-0.9188297390937805,-0.882358968257904,-0.14364179968833923,0.01135974284261465
1.109999975,0.0027,-0.0125,1.1104,-1.0943,2.06,-2.069,1.0509,-1.4225,0.0137,0.0136,-0.002,-0.0033,0.001,-0.0002,0.0003,0.0405,-0.8117256760597229,0.6982071995735168,-0.4005490243434906,-0.38591107726097107,-0.9180996417999268,-0.8808029294013977,-0.14363907277584076,0.010983473621308804
1.119999975,0.0027,-0.0125,1.1103,-1.0944,2.06,-2.069,1.0509,-1.4221,0.0138,0.0137,-0.0009,-0.0016,0.0005,0.0004,0.0014,0.0337,-0.8113821148872375,0.6969925165176392,-0.4000895321369171,-0.38489800691604614,-0.9177483320236206,-0.8792804479598999,-0.14385421574115753,0.011150839738547802
1.129999975,0.0027,-0.0125,1.1103,-1.0945,2.06,-2.069,1.051,-1.4218,0.0125,0.0125,-0.0016,-0.003,0.0005,0.0008,0.001,0.0356,-0.8112679123878479,0.6965689063072205,-0.3999403715133667,-0.3837694823741913,-0.9180045127868652,-0.8783432245254517,-0.1439862847328186,0.010877951979637146
1.139999974,0.0027,-0.0125,1.1103,-1.0947,2.06,-2.0689,1.051,-1.4214,0.0138,0.0136,-0.002,-0.0034,0.0009,-0.0003,-0.0001,0.0405,-0.811398446559906,0.6958600878715515,-0.4001180827617645,-0.38184189796447754,-0.9177614450454712,-0.877449631690979,-0.1441299319267273,0.010455130599439144
1.149999974,0.0027,-0.0125,1.1103,-1.0948,2.06,-2.0689,1.0511,-1.421,0.0123,0.0123,-0.0004,-0.0014,0.0012,0.0005,0.003,0.0314,-0.8106134533882141,0.6954633593559265,-0.4006044566631317,-0.3809487819671631,-0.9181307554244995,-0.8763998746871948,-0.14426526427268982,0.010672009550035
1.159999974,0.0027,-0.0125,1.1103,-1.0949,2.06,-2.0689,1.0511,-1.4207,0.0134,0.0133,-0.0027,0.0032,0.0013,-0.0005,-0.0026,0.0325,-0.8106241226196289,0.6948428750038147,-0.40107157826423645,-0.37983816862106323,-0.9176559448242188,-0.8752039074897766,-0.1441703736782074,0.010572809725999832
1.169999974,0.0027,-0.0125,1.1103,-1.095,2.06,-2.0689,1.0511,-1.4204,0.0129,0.0129,-0.0009,-0.0015,0.0007,0.0003,0.0011,0.0323,-0.8103798031806946,0.6946887969970703,-0.4013262689113617,-0.37855425477027893,-0.9180676937103271,-0.8745215535163879,-0.14441454410552979,0.010303550399839878
1.1799999730000001,0.0027,-0.0125,1.1103,-1.0951,2.06,-2.0689,1.0512,-1.42,0.0126,0.0125,-0.0016,-0.0031,0.0005,0.0008,0.001,0.0351,-0.8104140758514404,0.6948066353797913,-0.4012128710746765,-0.3775516748428345,-0.9186238050460815,-0.8741983771324158,-0.14453467726707458,0.009924761019647121
1.1899999730000002,0.0027,-0.0125,1.1102,-1.0952,2.06,-2.0689,1.0513,-1.4197,0.0138,0.0138,-0.0016,-0.0036,0.0004,0.0005,0.0021,0.0362,-0.8103702664375305,0.6945347189903259,-0.40034663677215576,-0.3764555752277374,-0.9187936186790466,-0.8734931349754333,-0.14480343461036682,0.009645565412938595
1.1999999730000002,0.0027,-0.0124,1.1102,-1.0953,2.06,-2.0689,1.0513,-1.4193,0.0139,0.0152,-0.0015,-0.0035,0.0004,0.0007,0.0026,0.0353,-0.8100392818450928,0.6934035420417786,-0.40022677183151245,-0.3751448392868042,-0.9188176393508911,-0.8720842599868774,-0.1449812948703766,0.009493447840213776
1.2099999730000002,0.0028,-0.0124,1.1102,-1.0954,2.06,-2.0689,1.0514,-1.419,0.0133,0.0133,-0.0012,-0.003,0.0004,0.0006,0.0011,0.0364,-0.8099754452705383,0.6921983361244202,-0.40020573139190674,-0.3738408386707306,-0.9182918667793274,-0.8706515431404114,-0.14500471949577332,0.00927702710032463
1.2199999730000002,0.0028,-0.0124,1.1102,-1.0955,2.06,-2.0689,1.0514,-1.4187,0.0136,0.0137,-0.0016,-0.0033,0.0005,0.0005,0.0029,0.0355,-0.8099404573440552,0.6911466717720032,-0.4003104865550995,-0.37260279059410095,-0.9180551767349243,-0.8694043755531311,-0.14518333971500397,0.009142950177192688
1.229999972,0.0028,-0.0124,1.1101,-1.0956,2.06,-2.0689,1.0515,-1.4183,0.0137,0.0138,-0.0017,-0.0036,0.0005,0.0003,0.0034,0.0361,-0.8097534775733948,0.690385639667511,-0.3995818793773651,-0.37140583992004395,-0.9179498553276062,-0.8681527376174927,-0.14539778232574463,0.00892716646194458
1.2399999720000001,0.0028,-0.0124,1.1101,-1.0957,2.0599,-2.0689,1.0516,-1.418,0.0134,0.0135,-0.0013,-0.0017,0.0007,0.0003,0.0011,0.0332,-0.8093960881233215,0.6896939873695374,-0.400063157081604,-0.3704538643360138,-0.9174672961235046,-0.8667696714401245,-0.14543703198432922,0.008905093185603619
1.2499999720000001,0.0028,-0.0124,1.1101,-1.0958,2.0599,-2.0689,1.0517,-1.4177,0.0135,0.0135,-0.0015,-0.0024,0.0006,0.0003,0.0033,0.0332,-0.8092582821846008,0.6892144680023193,-0.40036511421203613,-0.36933544278144836,-0.9175880551338196,-0.8656029105186462,-0.14566193521022797,0.008689041249454021
1.2599999720000001,0.0028,-0.0124,1.1101,-1.0959,2.0599,-2.0689,1.0517,-1.4174,0.0136,0.0136,-0.0017,-0.0035,0.0004,0.0005,0.0031,0.036,-0.8092494606971741,0.6889230012893677,-0.4005887806415558,-0.3681837320327759,-0.91780024766922,-0.8647333979606628,-0.14578931033611298,0.008344973437488079
1.269999971,0.0028,-0.0124,1.1101,-1.096,2.0599,-2.0688,1.0518,-1.4171,0.0129,0.013,-0.0013,-0.0032,0.0004,0.0007,0.0006,0.036,-0.8090457916259766,0.6889153122901917,-0.4007272720336914,-0.36731719970703125,-0.9181852340698242,-0.8643767833709717,-0.14579960703849792,0.008183020167052746
1.279999971,0.0028,-0.0124,1.11,-1.0961,2.0599,-2.0688,1.0518,-1.4167,0.0134,0.0134,-0.0016,-0.0032,0.0005,0.0005,0.0035,0.0349,-0.8087874054908752,0.6886777281761169,-0.3999326229095459,-0.36628684401512146,-0.9184049963951111,-0.8635022640228271,-0.14613451063632965,0.008045702241361141
1.289999971,0.0028,-0.0124,1.11,-1.0962,2.0599,-2.0688,1.0519,-1.4164,0.0136,0.0137,-0.0017,-0.0034,0.0004,0.0004,0.003,0.0358,-0.8086270689964294,0.6884568929672241,-0.3998500108718872,-0.36519140005111694,-0.9185412526130676,-0.8627024292945862,-0.1462513953447342,0.0078109800815582275
1.299999971,0.0028,-0.0124,1.11,-1.0963,2.0599,-2.0688,1.0519,-1.4161,0.0138,0.0138,-0.0016,-0.0034,0.0005,0.0004,0.0024,0.0358,-0.8084763288497925,0.6882893443107605,-0.3999534547328949,-0.3641298711299896,-0.9187212586402893,-0.8620250821113586,-0.14634019136428833,0.007626157253980637
1.309999971,0.0028,-0.0124,1.11,-1.0964,2.0599,-2.0688,1.052,-1.4158,0.0136,0.0136,-0.0015,-0.0033,0.0005,0.0004,0.0027,0.035,-0.8082389831542969,0.6881633996963501,-0.40013939142227173,-0.363086074590683,-0.918921172618866,-0.8614066243171692,-0.14644667506217957,0.007479751482605934
1.31999997,0.0028,-0.0123,1.11,-1.0965,2.0599,-2.0688,1.0521,-1.4155,0.013,0.0131,-0.0011,-0.0018,0.0006,0.0004,-0.0008,0.0328,-0.8077794909477234,0.6873294115066528,-0.4003783166408539,-0.3619672656059265,-0.919023334980011,-0.8600584864616394,-0.14639577269554138,0.007418265100568533
1.32999997,0.0028,-0.0123,1.1099,-1.0966,2.0599,-2.0688,1.0521,-1.4152,0.0124,0.0123,-0.0009,-0.001,0.0007,0.0005,-0.0004,0.0294,-0.8073187470436096,0.6871078610420227,-0.39956212043762207,-0.3610716164112091,-0.9195286631584167,-0.8588817715644836,-0.14660336077213287,0.0073461453430354595
1.33999997,0.0028,-0.0123,1.1099,-1.0967,2.0599,-2.0688,1.0521,-1.4149,0.0113,0.0111,-0.0017,-0.0017,0.001,0.0009,0.0006,0.0311,-0.8069561719894409,0.6871317625045776,-0.399362176656723,-0.3599875271320343,-0.920085072517395,-0.8580871820449829,-0.1467941403388977,0.007074541877955198
1.34999997,0.0028,-0.0123,1.1099,-1.0968,2.0599,-2.0688,1.0522,-1.4146,0.0133,0.0133,-0.0017,-0.0033,0.0005,0.0005,0.0026,0.0337,-0.8071481585502625,0.6865507960319519,-0.39942657947540283,-0.3586708903312683,-0.920036256313324,-0.8570829033851624,-0.1470355987548828,0.006738516502082348
1.359999969,0.0028,-0.0123,1.1099,-1.0969,2.0599,-2.0688,1.0523,-1.4143,0.0131,0.0131,-0.0016,-0.0031,0.0004,0.0005,0.0029,0.0333,-0.8069788217544556,0.6862394213676453,-0.39965081214904785,-0.35757339000701904,-0.9201685786247253,-0.856218695640564,-0.1471458077430725,0.006561193615198135
1.369999969,0.0028,-0.0123,1.1099,-1.0969,2.0599,-2.0688,1.0523,-1.414,0.0129,0.0129,-0.0008,-0.0011,0.0003,0.0005,-0.0005,0.0272,-0.8068508505821228,0.6861067414283752,-0.39984646439552307,-0.35752618312835693,-0.9206027984619141,-0.8555377721786499,-0.14705270528793335,0.00673686433583498
1.379999969,0.0028,-0.0123,1.1099,-1.097,2.0599,-2.0688,1.0524,-1.4138,0.0114,0.0112,-0.0015,-0.0013,0.0009,0.0008,0.0026,0.0287,-0.8064027428627014,0.6861712336540222,-0.40002188086509705,-0.356623113155365,-0.921047031879425,-0.8549892902374268,-0.14723935723304749,0.006537044886499643
1.389999969,0.0028,-0.0123,1.1099,-1.0971,2.0599,-2.0688,1.0524,-1.4136,0.0126,0.0125,-0.0014,0.002,0.0016,-0.0009,-0.0012,0.0252,-0.8062249422073364,0.6855472922325134,-0.4005807936191559,-0.3556230664253235,-0.9206677675247192,-0.8538164496421814,-0.14713889360427856,0.006643006112426519
1.399999969,0.0028,-0.0123,1.1098,-1.0971,2.0599,-2.0687,1.0524,-1.4134,0.0119,0.0115,-0.0016,0.0028,0.0021,-0.0007,-0.001,0.0254,-0.8055330514907837,0.6855151057243347,-0.39983177185058594,-0.35529065132141113,-0.9207373261451721,-0.853195071220398,-0.1472747027873993,0.006604243069887161
1.4099999680000002,0.0028,-0.0123,1.1098,-1.0972,2.0599,-2.0687,1.0525,-1.4131,0.0128,0.0127,-0.001,0.0005,0.0009,0.0003,0.0012,0.0245,-0.8055373430252075,0.6852961778640747,-0.39957115054130554,-0.35435980558395386,-0.9208290576934814,-0.8526114821434021,-0.1474926471710205,0.006463099271059036
1.4199999680000002,0.0028,-0.0123,1.1098,-1.0973,2.0599,-2.0687,1.0525,-1.4129,0.0112,0.0109,-0.0015,0.0031,0.0022,-0.0006,-0.0009,0.0227,-0.8050311207771301,0.6853289604187012,-0.3997251093387604,-0.35355308651924133,-0.921038806438446,-0.8518515229225159,-0.1474565714597702,0.006456371862441301
1.4299999680000002,0.0028,-0.0123,1.1098,-1.0973,2.06,-2.0687,1.0526,-1.4127,0.0119,0.0118,-0.0013,0.0007,0.0011,0.0003,0.0029,0.0229,-0.805046021938324,0.6852349042892456,-0.3993953764438629,-0.35303008556365967,-0.921667754650116,-0.8515840768814087,-0.14764556288719177,0.006326267495751381
1.4399999680000002,0.0028,-0.0123,1.1098,-1.0974,2.06,-2.0687,1.0526,-1.4126,0.0124,0.0124,-0.0009,0.0009,0.0007,0.0002,0.0017,0.0173,-0.8053406476974487,0.6851571202278137,-0.39911511540412903,-0.35250717401504517,-0.9221391081809998,-0.8514741063117981,-0.147653266787529,0.006410622037947178
1.4499999670000001,0.0028,-0.0123,1.1098,-1.0974,2.06,-2.0687,1.0526,-1.4124,0.0123,0.0122,-0.0002,0.0012,0.0006,0.0003,0.0006,0.0157,-0.8054108619689941,0.6851616501808167,-0.39898571372032166,-0.35249683260917664,-0.9226158857345581,-0.8513714671134949,-0.14763249456882477,0.006371001712977886
1.4599999670000001,0.0028,-0.0124,1.1098,-1.0975,2.06,-2.0687,1.0527,-1.4123,0.0108,0.0106,-0.0011,0.0031,0.0013,0.0004,-0.0001,0.0115,-0.8053249716758728,0.6861293315887451,-0.39900675415992737,-0.35222187638282776,-0.923231303691864,-0.852182924747467,-0.14761805534362793,0.006492572836577892
1.4699999670000001,0.0028,-0.0124,1.1098,-1.0975,2.06,-2.0687,1.0527,-1.4122,0.012,0.0119,0.0,0.0023,0.0006,0.0003,0.0012,0.0111,-0.8053296208381653,0.6861916780471802,-0.3990700840950012,-0.3520408570766449,-0.9233154058456421,-0.85246741771698,-0.14766496419906616,0.006407269276678562
1.4799999670000001,0.0028,-0.0124,1.1098,-1.0975,2.06,-2.0687,1.0527,-1.4122,0.0111,0.0109,-0.0007,0.0034,0.0013,0.0002,0.0025,0.0098,-0.8049656748771667,0.6864835023880005,-0.39903104305267334,-0.3520357012748718,-0.9235179424285889,-0.85264652967453,-0.1476861536502838,0.006441832520067692
1.4899999670000001,0.0028,-0.0124,1.1098,-1.0975,2.06,-2.0687,1.0528,-1.4121,0.0117,0.0116,-0.0004,0.0024,0.0009,0.0002,0.004,0.0088,-0.8050270080566406,0.6865890026092529,-0.3988698124885559,-0.352012038230896,-0.923626184463501,-0.8528253436088562,-0.14774784445762634,0.006417253986001015
1.499999966,0.0028,-0.0124,1.1097,-1.0975,2.06,-2.0687,1.0528,-1.4121,0.0117,0.0117,-0.0003,0.0025,0.0009,0.0002,0.0043,0.0083,-0.8048580288887024,0.686696469783783,-0.39778730273246765,-0.3520348370075226,-0.9236959218978882,-0.8527883291244507,-0.14785267412662506,0.006389214191585779
1.509999966,0.0028,-0.0124,1.1097,-1.0975,2.06,-2.0687,1.0528,-1.412,0.0118,0.0118,-0.0016,0.0071,0.0008,0.0004,0.0037,0.0044,-0.8046903610229492,0.6865392327308655,-0.3976590931415558,-0.3521879315376282,-0.9233744144439697,-0.8525543212890625,-0.1478545069694519,0.006642924156039953
1.519999966,0.0028,-0.0124,1.1097,-1.0976,2.06,-2.0687,1.0529,-1.412,0.0111,0.0108,-0.0029,0.0144,0.0023,-0.001,-0.0019,-0.0005,-0.8041484951972961,0.6861215233802795,-0.3982726037502289,-0.3515029549598694,-0.9224830865859985,-0.8518306612968445,-0.14762945473194122,0.007041751407086849
1.529999966,0.0028,-0.0124,1.1097,-1.0976,2.06,-2.0687,1.0529,-1.412,0.0115,0.0114,-0.002,0.0103,0.0008,0.0003,0.0022,-0.0011,-0.8042017221450806,0.686130940914154,-0.39828604459762573,-0.35114869475364685,-0.922589898109436,-0.8519747257232666,-0.14785583317279816,0.006959561724215746
1.539999965,0.0028,-0.0124,1.1097,-1.0976,2.06,-2.0687,1.0529,-1.412,0.0117,0.0117,-0.0001,0.0047,0.0011,-0.0002,0.0036,-0.0005,-0.8043773770332336,0.6863573789596558,-0.3979698419570923,-0.3509797751903534,-0.9232181906700134,-0.8520933985710144,-0.14794428646564484,0.006759193725883961
1.549999965,0.0028,-0.0124,1.1097,-1.0976,2.06,-2.0687,1.0529,-1.412,0.0113,0.0111,-0.0004,0.005,0.001,-0.0002,0.0041,0.0012,-0.804240345954895,0.6864435076713562,-0.3978518843650818,-0.3509575426578522,-0.9233270883560181,-0.8519560098648071,-0.1479550004005432,0.006636190228164196
1.559999965,0.0028,-0.0124,1.1097,-1.0976,2.06,-2.0687,1.053,-1.412,0.0121,0.0121,0.0003,0.005,0.0007,-0.0003,0.0012,-0.0004,-0.8044625520706177,0.6864132881164551,-0.39772698283195496,-0.351074755191803,-0.9234684705734253,-0.851906955242157,-0.14784644544124603,0.006659109611064196
1.569999965,0.0028,-0.0124,1.1097,-1.0976,2.06,-2.0687,1.053,-1.4119,0.0122,0.0122,-0.0005,0.0041,0.0007,-0.0001,0.0029,-0.0003,-0.8047871589660645,0.6865695714950562,-0.3973868787288666,-0.35122665762901306,-0.923874020576477,-0.8521538376808167,-0.1479649394750595,0.006584745366126299
