time_sec,source_time_sec,hip_L_Joint_pos_rad,hip_R_Joint_pos_rad,thigh_L_Joint_pos_rad,thigh_R_Joint_pos_rad,knee_L_Joint_pos_rad,knee_R_Joint_pos_rad,wheel_L_Joint_pos_rad,wheel_R_Joint_pos_rad,hip_L_Joint_vel_rad/s,hip_R_Joint_vel_rad/s,thigh_L_Joint_vel_rad/s,thigh_R_Joint_vel_rad/s,knee_L_Joint_vel_rad/s,knee_R_Joint_vel_rad/s,wheel_L_Joint_vel_rad/s,wheel_R_Joint_vel_rad/s,hip_L_Joint_torque,hip_R_Joint_torque,thigh_L_Joint_torque,thigh_R_Joint_torque,knee_L_Joint_torque,knee_R_Joint_torque,wheel_L_Joint_torque,wheel_R_Joint_torque,hip_L_Joint_actual_torque,hip_R_Joint_actual_torque,thigh_L_Joint_actual_torque,thigh_R_Joint_actual_torque,knee_L_Joint_actual_torque,knee_R_Joint_actual_torque,wheel_L_Joint_actual_torque,wheel_R_Joint_actual_torque,obs_0,obs_1,obs_2,obs_3,obs_4,obs_5,obs_6,obs_7,obs_8,obs_9,obs_10,obs_11,obs_12,obs_13,obs_14,obs_15,obs_16,obs_17,obs_18,obs_19,obs_20,obs_21,obs_22,obs_23,obs_24
0.0,0.0,-3.490658504023969e-05,-1.7453292518787578e-05,-3.490658504023969e-05,-5.235987755902727e-05,-8.726646260726056e-06,8.881784197001252e-16,1.7453292519675756e-05,1.7453292514346685e-05,0.0,0.0,0.0,0.0,0.0,0.0,0.0,0.0,0.0,0.0,0.0,0.0,0.0,0.0,0.0,0.0,0.0168751171875,0.004218779296875,0.004218779296875,0.004218779296875,-0.00843755859375,0.00843755859375,0.0039785302734375,0.007957060546875,0.0,0.0,0.0,0.0,0.0,0.0,0.0,0.0,0.0,0.0,0.0,0.0,0.0,0.0,0.0,0.0,0.0,0.0,0.0,0.0,0.0,0.0,0.0,0.0,0.0,0.0
0.009765179,0.0,-3.490658504023969e-05,-1.7453292518787578e-05,-3.490658504023969e-05,-5.235987755902727e-05,-8.726646260726056e-06,8.881784197001252e-16,1.7453292519675756e-05,1.7453292514346685e-05,0.0,0.0,0.0,0.0,0.0,0.0,0.0,0.0,0.0,0.0,0.0,0.0,0.0,0.0,0.0,0.0,0.0168751171875,0.012656337890625,0.004218779296875,0.004218779296875,0.0,0.0,0.0,0.0119355908203125,0.0,0.0,0.0,0.0,0.0,0.0,0.0,0.0,0.0,0.0,0.0,0.0,0.0,0.0,0.0,0.0,0.0,0.0,0.0,0.0,0.0,0.0,0.0,0.0,0.0,0.0
0.019982437000000002,0.0,-3.490658504023969e-05,-1.7453292518787578e-05,-3.490658504023969e-05,-5.235987755902727e-05,-8.726646260726056e-06,8.881784197001252e-16,1.7453292519675756e-05,1.7453292514346685e-05,0.0,0.0,0.0,0.0,0.0,0.0,0.0,0.0,0.0,0.0,0.0,0.0,0.0,0.0,0.0,0.0,0.00843755859375,0.00843755859375,0.004218779296875,0.004218779296875,0.0,0.0,0.0,0.007957060546875,0.0,0.0,0.0,0.0,0.0,0.0,0.0,0.0,0.0,0.0,0.0,0.0,0.0,0.0,0.0,0.0,0.0,0.0,0.0,0.0,0.0,0.0,0.0,0.0,0.0,0.0
0.030223472,0.0,-3.490658504023969e-05,-1.7453292518787578e-05,-3.490658504023969e-05,-5.235987755902727e-05,-8.726646260726056e-06,8.881784197001252e-16,1.7453292519675756e-05,1.7453292514346685e-05,0.0,0.0,0.0,0.0,0.0,0.0,0.0,0.0,0.0,0.0,0.0,0.0,0.0,0.0,0.0,0.0,0.012656337890625,0.00843755859375,0.004218779296875,0.004218779296875,0.0,0.0,-0.0039785302734375,0.0119355908203125,0.0,0.0,0.0,0.0,0.0,0.0,0.0,0.0,0.0,0.0,0.0,0.0,0.0,0.0,0.0,0.0,0.0,0.0,0.0,0.0,0.0,0.0,0.0,0.0,0.0,0.0
0.040805413000000006,0.0,-3.490658504023969e-05,-1.7453292518787578e-05,-3.490658504023969e-05,-5.235987755902727e-05,-8.726646260726056e-06,8.881784197001252e-16,1.7453292519675756e-05,1.7453292514346685e-05,0.0,0.0,0.0,0.0,0.0,0.0,0.0,0.0,0.0,0.0,0.0,0.0,0.0,0.0,0.0,0.0,0.004218779296875,0.004218779296875,0.004218779296875,0.004218779296875,0.00843755859375,0.0,0.0,0.01591412109375,0.0,0.0,0.0,0.0,0.0,0.0,0.0,0.0,0.0,0.0,0.0,0.0,0.0,0.0,0.0,0.0,0.0,0.0,0.0,0.0,0.0,0.0,0.0,0.0,0.0,0.0
0.050607713000000006,0.0,-3.490658504023969e-05,-1.7453292518787578e-05,-3.490658504023969e-05,-5.235987755902727e-05,-8.726646260726056e-06,8.881784197001252e-16,1.7453292519675756e-05,1.7453292514346685e-05,0.0,0.0,0.0,0.0,0.0,0.0,0.0,0.0,0.0,0.0,0.0,0.0,0.0,0.0,0.0,0.0,0.00843755859375,0.004218779296875,0.004218779296875,0.004218779296875,0.0,0.0,0.0,0.0119355908203125,0.0,0.0,0.0,0.0,0.0,0.0,0.0,0.0,0.0,0.0,0.0,0.0,0.0,0.0,0.0,0.0,0.0,0.0,0.0,0.0,0.0,0.0,0.0,0.0,0.0,0.0
0.060486912000000004,0.0,-3.490658504023969e-05,-1.7453292518787578e-05,-3.490658504023969e-05,-5.235987755902727e-05,-8.726646260726056e-06,8.881784197001252e-16,1.7453292519675756e-05,1.7453292514346685e-05,0.0,0.0,0.0,0.0,0.0,0.0,0.0,0.0,0.0,0.0,0.0,0.0,0.0,0.0,0.0,0.0,0.00843755859375,0.0,0.004218779296875,0.004218779296875,0.0,0.0,0.0,0.0119355908203125,0.0,0.0,0.0,0.0,0.0,0.0,0.0,0.0,0.0,0.0,0.0,0.0,0.0,0.0,0.0,0.0,0.0,0.0,0.0,0.0,0.0,0.0,0.0,0.0,0.0,0.0
0.070426721,0.0,-3.490658504023969e-05,-1.7453292518787578e-05,-3.490658504023969e-05,-5.235987755902727e-05,-8.726646260726056e-06,8.881784197001252e-16,1.7453292519675756e-05,1.7453292514346685e-05,0.0,0.0,0.0,0.0,0.0,0.0,0.0,0.0,0.0,0.0,0.0,0.0,0.0,0.0,0.0,0.0,0.012656337890625,0.0,0.0,0.004218779296875,-0.00843755859375,0.0,0.0,0.0119355908203125,0.0,0.0,0.0,0.0,0.0,0.0,0.0,0.0,0.0,0.0,0.0,0.0,0.0,0.0,0.0,0.0,0.0,0.0,0.0,0.0,0.0,0.0,0.0,0.0,0.0,0.0
0.08051005400000001,0.0,-3.490658504023969e-05,-1.7453292518787578e-05,-3.490658504023969e-05,-5.235987755902727e-05,-8.726646260726056e-06,8.881784197001252e-16,1.7453292519675756e-05,1.7453292514346685e-05,0.0,0.0,0.0,0.0,0.0,0.0,0.0,0.0,0.0,0.0,0.0,0.0,0.0,0.0,0.0,0.0,0.00843755859375,0.00843755859375,0.004218779296875,0.004218779296875,0.0,0.0,0.0039785302734375,0.01591412109375,0.0,0.0,0.0,0.0,0.0,0.0,0.0,0.0,0.0,0.0,0.0,0.0,0.0,0.0,0.0,0.0,0.0,0.0,0.0,0.0,0.0,0.0,0.0,0.0,0.0,0.0
0.09077141000000001,0.0,-3.490658504023969e-05,-1.7453292518787578e-05,-3.490658504023969e-05,-5.235987755902727e-05,-8.726646260726056e-06,8.881784197001252e-16,1.7453292519675756e-05,1.7453292514346685e-05,0.0,0.0,0.0,0.0,0.0,0.0,0.0,0.0,0.0,0.0,0.0,0.0,0.0,0.0,0.0,0.0,0.012656337890625,0.00843755859375,0.004218779296875,0.0,0.0,0.00843755859375,-0.0039785302734375,0.0119355908203125,0.0,0.0,0.0,0.0,0.0,0.0,0.0,0.0,0.0,0.0,0.0,0.0,0.0,0.0,0.0,0.0,0.0,0.0,0.0,0.0,0.0,0.0,0.0,0.0,0.0,0.0
0.10108700600000001,0.0,-3.490658504023969e-05,-1.7453292518787578e-05,-3.490658504023969e-05,-5.235987755902727e-05,-8.726646260726056e-06,8.881784197001252e-16,1.7453292519675756e-05,1.7453292514346685e-05,0.0,0.0,0.0,0.0,0.0,0.0,0.0,0.0,0.0,0.0,0.0,0.0,0.0,0.0,0.0,0.0,0.012656337890625,0.012656337890625,0.004218779296875,0.004218779296875,0.0,0.0,0.0,0.01591412109375,0.0,0.0,0.0,0.0,0.0,0.0,0.0,0.0,0.0,0.0,0.0,0.0,0.0,0.0,0.0,0.0,0.0,0.0,0.0,0.0,0.0,0.0,0.0,0.0,0.0,0.0
0.11101065500000001,0.0,-3.490658504023969e-05,-1.7453292518787578e-05,-3.490658504023969e-05,-5.235987755902727e-05,-8.726646260726056e-06,8.881784197001252e-16,1.7453292519675756e-05,1.7453292514346685e-05,0.0,0.0,0.0,0.0,0.0,0.0,0.0,0.0,0.0,0.0,0.0,0.0,0.0,0.0,0.0,0.0,0.012656337890625,0.012656337890625,0.004218779296875,0.004218779296875,0.0,0.0,0.0,0.0119355908203125,0.0,0.0,0.0,0.0,0.0,0.0,0.0,0.0,0.0,0.0,0.0,0.0,0.0,0.0,0.0,0.0,0.0,0.0,0.0,0.0,0.0,0.0,0.0,0.0,0.0,0.0
0.12152046600000001,0.0,-3.490658504023969e-05,-1.7453292518787578e-05,-3.490658504023969e-05,-5.235987755902727e-05,-8.726646260726056e-06,8.881784197001252e-16,1.7453292519675756e-05,1.7453292514346685e-05,0.0,0.0,0.0,0.0,0.0,0.0,0.0,0.0,0.0,0.0,0.0,0.0,0.0,0.0,0.0,0.0,0.0168751171875,0.004218779296875,0.004218779296875,0.004218779296875,0.0,0.0,0.0,0.01591412109375,0.0,0.0,0.0,0.0,0.0,0.0,0.0,0.0,0.0,0.0,0.0,0.0,0.0,0.0,0.0,0.0,0.0,0.0,0.0,0.0,0.0,0.0,0.0,0.0,0.0,0.0
0.131306638,0.0,-3.490658504023969e-05,-1.7453292518787578e-05,-3.490658504023969e-05,-5.235987755902727e-05,-8.726646260726056e-06,8.881784197001252e-16,1.7453292519675756e-05,1.7453292514346685e-05,0.0,0.0,0.0,0.0,0.0,0.0,0.0,0.0,0.0,0.0,0.0,0.0,0.0,0.0,0.0,0.0,0.012656337890625,0.012656337890625,0.004218779296875,0.004218779296875,0.0,0.0,0.0039785302734375,0.0119355908203125,0.0,0.0,0.0,0.0,0.0,0.0,0.0,0.0,0.0,0.0,0.0,0.0,0.0,0.0,0.0,0.0,0.0,0.0,0.0,0.0,0.0,0.0,0.0,0.0,0.0,0.0
0.141115146,0.0,-3.490658504023969e-05,-1.7453292518787578e-05,-3.490658504023969e-05,-5.235987755902727e-05,-8.726646260726056e-06,8.881784197001252e-16,1.7453292519675756e-05,1.7453292514346685e-05,0.0,0.0,0.0,0.0,0.0,0.0,0.0,0.0,0.0,0.0,0.0,0.0,0.0,0.0,0.0,0.0,0.0168751171875,0.012656337890625,0.004218779296875,0.004218779296875,0.0,0.0,0.0,0.0119355908203125,0.0,0.0,0.0,0.0,0.0,0.0,0.0,0.0,0.0,0.0,0.0,0.0,0.0,0.0,0.0,0.0,0.0,0.0,0.0,0.0,0.0,0.0,0.0,0.0,0.0,0.0
0.151048171,0.0,-3.490658504023969e-05,-1.7453292518787578e-05,-3.490658504023969e-05,-5.235987755902727e-05,-8.726646260726056e-06,8.881784197001252e-16,1.7453292519675756e-05,1.7453292514346685e-05,0.0,0.0,0.0,0.0,0.0,0.0,0.0,0.0,0.0,0.0,0.0,0.0,0.0,0.0,0.0,0.0,0.021093896484375,0.0168751171875,0.004218779296875,0.00843755859375,-0.02531267578125,0.00843755859375,0.0,0.0119355908203125,0.0,0.0,0.0,0.0,0.0,0.0,0.0,0.0,0.0,0.0,0.0,0.0,0.0,0.0,0.0,0.0,0.0,0.0,0.0,0.0,0.0,0.0,0.0,0.0,0.0,0.0
0.16090167300000002,0.0,-3.490658504023969e-05,-1.7453292518787578e-05,-3.490658504023969e-05,-5.235987755902727e-05,-8.726646260726056e-06,8.881784197001252e-16,1.7453292519675756e-05,1.7453292514346685e-05,0.0,0.0,0.0,0.0,0.0,0.0,0.0,0.0,0.0,0.0,0.0,0.0,0.0,0.0,0.0,0.0,0.0168751171875,0.00843755859375,0.004218779296875,0.0,0.0,0.0,0.0,0.0119355908203125,0.0,0.0,0.0,0.0,0.0,0.0,0.0,0.0,0.0,0.0,0.0,0.0,0.0,0.0,0.0,0.0,0.0,0.0,0.0,0.0,0.0,0.0,0.0,0.0,0.0,0.0
0.171079057,0.0,-3.490658504023969e-05,-1.7453292518787578e-05,-3.490658504023969e-05,-5.235987755902727e-05,-8.726646260726056e-06,8.881784197001252e-16,1.7453292519675756e-05,1.7453292514346685e-05,0.0,0.0,0.0,0.0,0.0,0.0,0.0,0.0,0.0,0.0,0.0,0.0,0.0,0.0,0.0,0.0,0.00843755859375,0.004218779296875,0.004218779296875,0.004218779296875,0.0,0.0,0.0039785302734375,0.01591412109375,0.0,0.0,0.0,0.0,0.0,0.0,0.0,0.0,0.0,0.0,0.0,0.0,0.0,0.0,0.0,0.0,0.0,0.0,0.0,0.0,0.0,0.0,0.0,0.0,0.0,0.0
0.182542755,0.0,-3.490658504023969e-05,-1.7453292518787578e-05,-3.490658504023969e-05,-5.235987755902727e-05,-8.726646260726056e-06,8.881784197001252e-16,1.7453292519675756e-05,1.7453292514346685e-05,0.0,0.0,0.0,0.0,0.0,0.0,0.0,0.0,0.0,0.0,0.0,0.0,0.0,0.0,0.0,0.0,0.00843755859375,0.012656337890625,0.004218779296875,0.004218779296875,-0.00843755859375,0.00843755859375,-0.0039785302734375,0.007957060546875,0.0,0.0,0.0,0.0,0.0,0.0,0.0,0.0,0.0,0.0,0.0,0.0,0.0,0.0,0.0,0.0,0.0,0.0,0.0,0.0,0.0,0.0,0.0,0.0,0.0,0.0
0.194492517,0.0,-3.490658504023969e-05,-1.7453292518787578e-05,-3.490658504023969e-05,-5.235987755902727e-05,-8.726646260726056e-06,8.881784197001252e-16,1.7453292519675756e-05,1.7453292514346685e-05,0.0,0.0,0.0,0.0,0.0,0.0,0.0,0.0,0.0,0.0,0.0,0.0,0.0,0.0,0.0,0.0,-0.012656337890625,0.00843755859375,0.004218779296875,0.004218779296875,0.0,0.0,0.0,0.01591412109375,0.0,0.0,0.0,0.0,0.0,0.0,0.0,0.0,0.0,0.0,0.0,0.0,0.0,0.0,0.0,0.0,0.0,0.0,0.0,0.0,0.0,0.0,0.0,0.0,0.0,0.0
0.202303169,0.0,-3.490658504023969e-05,-1.7453292518787578e-05,-3.490658504023969e-05,-5.235987755902727e-05,-8.726646260726056e-06,8.881784197001252e-16,1.7453292519675756e-05,1.7453292514346685e-05,0.0,0.0,0.0,0.0,0.0,0.0,0.0,0.0,0.0,0.0,0.0,0.0,0.0,0.0,0.0,0.0,-0.02531267578125,-0.0168751171875,0.004218779296875,0.012656337890625,0.0,-0.0168751171875,0.0,0.0119355908203125,0.0,0.0,0.0,0.0,0.0,0.0,0.0,0.0,0.0,0.0,0.0,0.0,0.0,0.0,0.0,0.0,0.0,0.0,0.0,0.0,0.0,0.0,0.0,0.0,0.0,0.0
0.211821524,0.0,-3.490658504023969e-05,-1.7453292518787578e-05,-3.490658504023969e-05,-5.235987755902727e-05,-8.726646260726056e-06,8.881784197001252e-16,1.7453292519675756e-05,1.7453292514346685e-05,0.0,0.0,0.0,0.0,0.0,0.0,0.0,0.0,0.0,0.0,0.0,0.0,0.0,0.0,0.0,0.0,0.012656337890625,0.004218779296875,0.004218779296875,0.004218779296875,0.0,0.00843755859375,0.0039785302734375,0.0119355908203125,0.0,0.0,0.0,0.0,0.0,0.0,0.0,0.0,0.0,0.0,0.0,0.0,0.0,0.0,0.0,0.0,0.0,0.0,0.0,0.0,0.0,0.0,0.0,0.0,0.0,0.0
0.221552302,0.0,-3.490658504023969e-05,-1.7453292518787578e-05,-3.490658504023969e-05,-5.235987755902727e-05,-8.726646260726056e-06,8.881784197001252e-16,1.7453292519675756e-05,1.7453292514346685e-05,0.0,0.0,0.0,0.0,0.0,0.0,0.0,0.0,0.0,0.0,0.0,0.0,0.0,0.0,0.0,0.0,-0.012656337890625,0.0,0.004218779296875,0.004218779296875,0.0,-0.0168751171875,0.0,0.01591412109375,0.0,0.0,0.0,0.0,0.0,0.0,0.0,0.0,0.0,0.0,0.0,0.0,0.0,0.0,0.0,0.0,0.0,0.0,0.0,0.0,0.0,0.0,0.0,0.0,0.0,0.0
0.231236518,0.0,-3.490658504023969e-05,-1.7453292518787578e-05,-3.490658504023969e-05,-5.235987755902727e-05,-8.726646260726056e-06,8.881784197001252e-16,1.7453292519675756e-05,1.7453292514346685e-05,0.0,0.0,0.0,0.0,0.0,0.0,0.0,0.0,0.0,0.0,0.0,0.0,0.0,0.0,0.0,0.0,0.00843755859375,0.004218779296875,0.0,0.012656337890625,0.0,0.0168751171875,0.0,0.0119355908203125,0.0,0.0,0.0,0.0,0.0,0.0,0.0,0.0,0.0,0.0,0.0,0.0,0.0,0.0,0.0,0.0,0.0,0.0,0.0,0.0,0.0,0.0,0.0,0.0,0.0,0.0
0.24117315900000003,0.0,-3.490658504023969e-05,-1.7453292518787578e-05,-3.490658504023969e-05,-5.235987755902727e-05,-8.726646260726056e-06,8.881784197001252e-16,1.7453292519675756e-05,1.7453292514346685e-05,0.0,0.0,0.0,0.0,0.0,0.0,0.0,0.0,0.0,0.0,0.0,0.0,0.0,0.0,0.0,0.0,0.0168751171875,0.0,0.004218779296875,0.012656337890625,0.0,0.0,0.0,0.0119355908203125,0.0,0.0,0.0,0.0,0.0,0.0,0.0,0.0,0.0,0.0,0.0,0.0,0.0,0.0,0.0,0.0,0.0,0.0,0.0,0.0,0.0,0.0,0.0,0.0,0.0,0.0
0.25111156,0.0,-3.490658504023969e-05,-1.7453292518787578e-05,-3.490658504023969e-05,-5.235987755902727e-05,-8.726646260726056e-06,8.881784197001252e-16,1.7453292519675756e-05,1.7453292514346685e-05,0.0,0.0,0.0,0.0,0.0,0.0,0.0,0.0,0.0,0.0,0.0,0.0,0.0,0.0,0.0,0.0,0.00843755859375,0.00843755859375,0.004218779296875,0.004218779296875,0.0,0.00843755859375,0.0,0.0119355908203125,0.0,0.0,0.0,0.0,0.0,0.0,0.0,0.0,0.0,0.0,0.0,0.0,0.0,0.0,0.0,0.0,0.0,0.0,0.0,0.0,0.0,0.0,0.0,0.0,0.0,0.0
0.261008583,0.0,-3.490658504023969e-05,-1.7453292518787578e-05,-3.490658504023969e-05,-5.235987755902727e-05,-8.726646260726056e-06,8.881784197001252e-16,1.7453292519675756e-05,1.7453292514346685e-05,0.0,0.0,0.0,0.0,0.0,0.0,0.0,0.0,0.0,0.0,0.0,0.0,0.0,0.0,0.0,0.0,0.012656337890625,0.004218779296875,0.004218779296875,0.0,0.0,0.00843755859375,0.0,0.0119355908203125,0.0,0.0,0.0,0.0,0.0,0.0,0.0,0.0,0.0,0.0,0.0,0.0,0.0,0.0,0.0,0.0,0.0,0.0,0.0,0.0,0.0,0.0,0.0,0.0,0.0,0.0
0.27119416,0.0,-3.490658504023969e-05,-1.7453292518787578e-05,-3.490658504023969e-05,-5.235987755902727e-05,-8.726646260726056e-06,8.881784197001252e-16,1.7453292519675756e-05,1.7453292514346685e-05,0.0,0.0,0.0,0.0,0.0,0.0,0.0,0.0,0.0,0.0,0.0,0.0,0.0,0.0,0.0,0.0,0.00843755859375,0.004218779296875,0.004218779296875,0.004218779296875,0.0,0.00843755859375,0.0,0.0119355908203125,0.0,0.0,0.0,0.0,0.0,0.0,0.0,0.0,0.0,0.0,0.0,0.0,0.0,0.0,0.0,0.0,0.0,0.0,0.0,0.0,0.0,0.0,0.0,0.0,0.0,0.0
0.281138961,0.0,-3.490658504023969e-05,-1.7453292518787578e-05,-3.490658504023969e-05,-5.235987755902727e-05,-8.726646260726056e-06,8.881784197001252e-16,1.7453292519675756e-05,1.7453292514346685e-05,0.0,0.0,0.0,0.0,0.0,0.0,0.0,0.0,0.0,0.0,0.0,0.0,0.0,0.0,0.0,0.0,0.0168751171875,0.00843755859375,0.004218779296875,0.012656337890625,0.0,0.00843755859375,0.0,0.0119355908203125,0.0,0.0,0.0,0.0,0.0,0.0,0.0,0.0,0.0,0.0,0.0,0.0,0.0,0.0,0.0,0.0,0.0,0.0,0.0,0.0,0.0,0.0,0.0,0.0,0.0,0.0
0.29104740900000003,0.0,-3.490658504023969e-05,-1.7453292518787578e-05,-3.490658504023969e-05,-5.235987755902727e-05,-8.726646260726056e-06,8.881784197001252e-16,1.7453292519675756e-05,1.7453292514346685e-05,0.0,0.0,0.0,0.0,0.0,0.0,0.0,0.0,0.0,0.0,0.0,0.0,0.0,0.0,0.0,0.0,0.0168751171875,0.0168751171875,0.004218779296875,0.004218779296875,0.0,0.0,0.0,0.01591412109375,0.0,0.0,0.0,0.0,0.0,0.0,0.0,0.0,0.0,0.0,0.0,0.0,0.0,0.0,0.0,0.0,0.0,0.0,0.0,0.0,0.0,0.0,0.0,0.0,0.0,0.0
0.30117973600000003,0.0,-3.490658504023969e-05,-1.7453292518787578e-05,-3.490658504023969e-05,-5.235987755902727e-05,-8.726646260726056e-06,8.881784197001252e-16,1.7453292519675756e-05,1.7453292514346685e-05,0.0,0.0,0.0,0.0,0.0,0.0,0.0,0.0,0.0,0.0,0.0,0.0,0.0,0.0,0.0,0.0,0.00843755859375,0.00843755859375,0.004218779296875,0.012656337890625,0.0,0.00843755859375,0.0,0.01591412109375,0.0,0.0,0.0,0.0,0.0,0.0,0.0,0.0,0.0,0.0,0.0,0.0,0.0,0.0,0.0,0.0,0.0,0.0,0.0,0.0,0.0,0.0,0.0,0.0,0.0,0.0
0.311124825,0.0,-3.490658504023969e-05,-1.7453292518787578e-05,-3.490658504023969e-05,-5.235987755902727e-05,-8.726646260726056e-06,8.881784197001252e-16,1.7453292519675756e-05,1.7453292514346685e-05,0.0,0.0,0.0,0.0,0.0,0.0,0.0,0.0,0.0,0.0,0.0,0.0,0.0,0.0,0.0,0.0,0.012656337890625,0.004218779296875,0.0,0.004218779296875,0.0,0.0,0.0,0.01591412109375,0.0,0.0,0.0,0.0,0.0,0.0,0.0,0.0,0.0,0.0,0.0,0.0,0.0,0.0,0.0,0.0,0.0,0.0,0.0,0.0,0.0,0.0,0.0,0.0,0.0,0.0
0.320957526,0.0,-3.490658504023969e-05,-1.7453292518787578e-05,-3.490658504023969e-05,-5.235987755902727e-05,-8.726646260726056e-06,8.881784197001252e-16,1.7453292519675756e-05,1.7453292514346685e-05,0.0,0.0,0.0,0.0,0.0,0.0,0.0,0.0,0.0,0.0,0.0,0.0,0.0,0.0,0.0,0.0,0.00843755859375,0.00843755859375,0.004218779296875,0.004218779296875,0.0,0.00843755859375,0.0,0.0119355908203125,0.0,0.0,0.0,0.0,0.0,0.0,0.0,0.0,0.0,0.0,0.0,0.0,0.0,0.0,0.0,0.0,0.0,0.0,0.0,0.0,0.0,0.0,0.0,0.0,0.0,0.0
0.33117555200000004,0.0,-3.490658504023969e-05,-1.7453292518787578e-05,-3.490658504023969e-05,-5.235987755902727e-05,-8.726646260726056e-06,8.881784197001252e-16,1.7453292519675756e-05,1.7453292514346685e-05,0.0,0.0,0.0,0.0,0.0,0.0,0.0,0.0,0.0,0.0,0.0,0.0,0.0,0.0,0.0,0.0,0.012656337890625,0.004218779296875,0.004218779296875,0.0,-0.00843755859375,0.0,-0.0039785302734375,0.0119355908203125,0.0,0.0,0.0,0.0,0.0,0.0,0.0,0.0,0.0,0.0,0.0,0.0,0.0,0.0,0.0,0.0,0.0,0.0,0.0,0.0,0.0,0.0,0.0,0.0,0.0,0.0
0.34120179500000003,0.0,-3.490658504023969e-05,-1.7453292518787578e-05,-3.490658504023969e-05,-5.235987755902727e-05,-8.726646260726056e-06,8.881784197001252e-16,1.7453292519675756e-05,1.7453292514346685e-05,0.0,0.0,0.0,0.0,0.0,0.0,0.0,0.0,0.0,0.0,0.0,0.0,0.0,0.0,0.0,0.0,0.012656337890625,0.00843755859375,0.004218779296875,0.0,0.0,0.00843755859375,0.0,0.0198926513671875,0.0,0.0,0.0,0.0,0.0,0.0,0.0,0.0,0.0,0.0,0.0,0.0,0.0,0.0,0.0,0.0,0.0,0.0,0.0,0.0,0.0,0.0,0.0,0.0,0.0,0.0
0.3511521,0.0,-3.490658504023969e-05,-1.7453292518787578e-05,-3.490658504023969e-05,-5.235987755902727e-05,-8.726646260726056e-06,8.881784197001252e-16,1.7453292519675756e-05,1.7453292514346685e-05,0.0,0.0,0.0,0.0,0.0,0.0,0.0,0.0,0.0,0.0,0.0,0.0,0.0,0.0,0.0,0.0,0.00843755859375,0.004218779296875,0.004218779296875,0.004218779296875,0.0,0.00843755859375,-0.0039785302734375,0.0119355908203125,0.0,0.0,0.0,0.0,0.0,0.0,0.0,0.0,0.0,0.0,0.0,0.0,0.0,0.0,0.0,0.0,0.0,0.0,0.0,0.0,0.0,0.0,0.0,0.0,0.0,0.0
0.361145415,0.0,-3.490658504023969e-05,-1.7453292518787578e-05,-3.490658504023969e-05,-5.235987755902727e-05,-8.726646260726056e-06,8.881784197001252e-16,1.7453292519675756e-05,1.7453292514346685e-05,0.0,0.0,0.0,0.0,0.0,0.0,0.0,0.0,0.0,0.0,0.0,0.0,0.0,0.0,0.0,0.0,0.012656337890625,0.00843755859375,0.0,0.0,0.0,0.0,-0.0039785302734375,0.0119355908203125,0.0,0.0,0.0,0.0,0.0,0.0,0.0,0.0,0.0,0.0,0.0,0.0,0.0,0.0,0.0,0.0,0.0,0.0,0.0,0.0,0.0,0.0,0.0,0.0,0.0,0.0
0.37103050200000004,0.0,-3.490658504023969e-05,-1.7453292518787578e-05,-3.490658504023969e-05,-5.235987755902727e-05,-8.726646260726056e-06,8.881784197001252e-16,1.7453292519675756e-05,1.7453292514346685e-05,0.0,0.0,0.0,0.0,0.0,0.0,0.0,0.0,0.0,0.0,0.0,0.0,0.0,0.0,0.0,0.0,0.012656337890625,0.00843755859375,0.0,0.0,-0.00843755859375,0.0,-0.0039785302734375,0.01591412109375,0.0,0.0,0.0,0.0,0.0,0.0,0.0,0.0,0.0,0.0,0.0,0.0,0.0,0.0,0.0,0.0,0.0,0.0,0.0,0.0,0.0,0.0,0.0,0.0,0.0,0.0
0.380978759,0.0,-3.490658504023969e-05,-1.7453292518787578e-05,-3.490658504023969e-05,-5.235987755902727e-05,-8.726646260726056e-06,8.881784197001252e-16,1.7453292519675756e-05,1.7453292514346685e-05,0.0,0.0,0.0,0.0,0.0,0.0,0.0,0.0,0.0,0.0,0.0,0.0,0.0,0.0,0.0,0.0,0.012656337890625,0.00843755859375,0.004218779296875,0.004218779296875,-0.00843755859375,0.00843755859375,0.0,0.0119355908203125,0.0,0.0,0.0,0.0,0.0,0.0,0.0,0.0,0.0,0.0,0.0,0.0,0.0,0.0,0.0,0.0,0.0,0.0,0.0,0.0,0.0,0.0,0.0,0.0,0.0,0.0
0.391044748,0.0,-3.490658504023969e-05,-1.7453292518787578e-05,-3.490658504023969e-05,-5.235987755902727e-05,-8.726646260726056e-06,8.881784197001252e-16,1.7453292519675756e-05,1.7453292514346685e-05,0.0,0.0,0.0,0.0,0.0,0.0,0.0,0.0,0.0,0.0,0.0,0.0,0.0,0.0,0.0,0.0,0.021093896484375,0.00843755859375,0.004218779296875,0.0,-0.00843755859375,0.0,-0.0039785302734375,0.01591412109375,0.0,0.0,0.0,0.0,0.0,0.0,0.0,0.0,0.0,0.0,0.0,0.0,0.0,0.0,0.0,0.0,0.0,0.0,0.0,0.0,0.0,0.0,0.0,0.0,0.0,0.0
0.401141169,0.0,-3.490658504023969e-05,-1.7453292518787578e-05,-3.490658504023969e-05,-5.235987755902727e-05,-8.726646260726056e-06,8.881784197001252e-16,1.7453292519675756e-05,1.7453292514346685e-05,0.0,0.0,0.0,0.0,0.0,0.0,0.0,0.0,0.0,0.0,0.0,0.0,0.0,0.0,0.0,0.0,0.021093896484375,0.00843755859375,0.004218779296875,0.004218779296875,0.0,0.0,0.0,0.0119355908203125,0.0,0.0,0.0,0.0,0.0,0.0,0.0,0.0,0.0,0.0,0.0,0.0,0.0,0.0,0.0,0.0,0.0,0.0,0.0,0.0,0.0,0.0,0.0,0.0,0.0,0.0
0.41139938800000003,0.0,-3.490658504023969e-05,-1.7453292518787578e-05,-3.490658504023969e-05,-5.235987755902727e-05,-8.726646260726056e-06,8.881784197001252e-16,1.7453292519675756e-05,1.7453292514346685e-05,0.0,0.0,0.0,0.0,0.0,0.0,0.0,0.0,0.0,0.0,0.0,0.0,0.0,0.0,0.0,0.0,0.004218779296875,0.012656337890625,0.0,0.004218779296875,0.0,0.0,0.0,0.0119355908203125,0.0,0.0,0.0,0.0,0.0,0.0,0.0,0.0,0.0,0.0,0.0,0.0,0.0,0.0,0.0,0.0,0.0,0.0,0.0,0.0,0.0,0.0,0.0,0.0,0.0,0.0
0.42100808300000003,0.0,-3.490658504023969e-05,-1.7453292518787578e-05,-3.490658504023969e-05,-5.235987755902727e-05,-8.726646260726056e-06,8.881784197001252e-16,1.7453292519675756e-05,1.7453292514346685e-05,0.0,0.0,0.0,0.0,0.0,0.0,0.0,0.0,0.0,0.0,0.0,0.0,0.0,0.0,0.0,0.0,0.021093896484375,0.012656337890625,0.0,0.004218779296875,0.0,0.0,0.0,0.01591412109375,0.0,0.0,0.0,0.0,0.0,0.0,0.0,0.0,0.0,0.0,0.0,0.0,0.0,0.0,0.0,0.0,0.0,0.0,0.0,0.0,0.0,0.0,0.0,0.0,0.0,0.0
0.43108444,0.0,-3.490658504023969e-05,-1.7453292518787578e-05,-3.490658504023969e-05,-5.235987755902727e-05,-8.726646260726056e-06,8.881784197001252e-16,1.7453292519675756e-05,1.7453292514346685e-05,0.0,0.0,0.0,0.0,0.0,0.0,0.0,0.0,0.0,0.0,0.0,0.0,0.0,0.0,0.0,0.0,0.0168751171875,0.0168751171875,0.004218779296875,0.004218779296875,-0.00843755859375,0.00843755859375,0.0,0.01591412109375,0.0,0.0,0.0,0.0,0.0,0.0,0.0,0.0,0.0,0.0,0.0,0.0,0.0,0.0,0.0,0.0,0.0,0.0,0.0,0.0,0.0,0.0,0.0,0.0,0.0,0.0
0.440996088,0.0,-3.490658504023969e-05,-1.7453292518787578e-05,-3.490658504023969e-05,-5.235987755902727e-05,-8.726646260726056e-06,8.881784197001252e-16,1.7453292519675756e-05,1.7453292514346685e-05,0.0,0.0,0.0,0.0,0.0,0.0,0.0,0.0,0.0,0.0,0.0,0.0,0.0,0.0,0.0,0.0,0.021093896484375,0.0168751171875,0.00843755859375,0.004218779296875,-0.00843755859375,0.0,0.0,0.01591412109375,0.0,0.0,0.0,0.0,0.0,0.0,0.0,0.0,0.0,0.0,0.0,0.0,0.0,0.0,0.0,0.0,0.0,0.0,0.0,0.0,0.0,0.0,0.0,0.0,0.0,0.0
0.45099311400000003,0.0,-3.490658504023969e-05,-1.7453292518787578e-05,-3.490658504023969e-05,-5.235987755902727e-05,-8.726646260726056e-06,8.881784197001252e-16,1.7453292519675756e-05,1.7453292514346685e-05,0.0,0.0,0.0,0.0,0.0,0.0,0.0,0.0,0.0,0.0,0.0,0.0,0.0,0.0,0.0,0.0,0.0168751171875,0.0168751171875,0.004218779296875,0.012656337890625,0.0,0.00843755859375,0.0,0.01591412109375,0.0,0.0,0.0,0.0,0.0,0.0,0.0,0.0,0.0,0.0,0.0,0.0,0.0,0.0,0.0,0.0,0.0,0.0,0.0,0.0,0.0,0.0,0.0,0.0,0.0,0.0
0.46091385,0.0,-3.490658504023969e-05,-1.7453292518787578e-05,-3.490658504023969e-05,-5.235987755902727e-05,-8.726646260726056e-06,8.881784197001252e-16,1.7453292519675756e-05,1.7453292514346685e-05,0.0,0.0,0.0,0.0,0.0,0.0,0.0,0.0,0.0,0.0,0.0,0.0,0.0,0.0,0.0,0.0,0.021093896484375,0.00843755859375,0.004218779296875,0.012656337890625,0.0,0.00843755859375,0.0,0.01591412109375,0.0,0.0,0.0,0.0,0.0,0.0,0.0,0.0,0.0,0.0,0.0,0.0,0.0,0.0,0.0,0.0,0.0,0.0,0.0,0.0,0.0,0.0,0.0,0.0,0.0,0.0
0.470976671,0.0,-3.490658504023969e-05,-1.7453292518787578e-05,-3.490658504023969e-05,-5.235987755902727e-05,-8.726646260726056e-06,8.881784197001252e-16,1.7453292519675756e-05,1.7453292514346685e-05,0.0,0.0,0.0,0.0,0.0,0.0,0.0,0.0,0.0,0.0,0.0,0.0,0.0,0.0,0.0,0.0,0.021093896484375,0.0168751171875,0.004218779296875,0.004218779296875,0.0,0.0,0.0039785302734375,0.0119355908203125,0.0,0.0,0.0,0.0,0.0,0.0,0.0,0.0,0.0,0.0,0.0,0.0,0.0,0.0,0.0,0.0,0.0,0.0,0.0,0.0,0.0,0.0,0.0,0.0,0.0,0.0
0.48087673500000006,0.0,-3.490658504023969e-05,-1.7453292518787578e-05,-3.490658504023969e-05,-5.235987755902727e-05,-8.726646260726056e-06,8.881784197001252e-16,1.7453292519675756e-05,1.7453292514346685e-05,0.0,0.0,0.0,0.0,0.0,0.0,0.0,0.0,0.0,0.0,0.0,0.0,0.0,0.0,0.0,0.0,0.004218779296875,0.0168751171875,0.004218779296875,0.004218779296875,-0.00843755859375,0.0,-0.0039785302734375,0.0119355908203125,0.0,0.0,0.0,0.0,0.0,0.0,0.0,0.0,0.0,0.0,0.0,0.0,0.0,0.0,0.0,0.0,0.0,0.0,0.0,0.0,0.0,0.0,0.0,0.0,0.0,0.0
0.49103120600000005,0.0,-3.490658504023969e-05,-1.7453292518787578e-05,-3.490658504023969e-05,-5.235987755902727e-05,-8.726646260726056e-06,8.881784197001252e-16,1.7453292519675756e-05,1.7453292514346685e-05,0.0,0.0,0.0,0.0,0.0,0.0,0.0,0.0,0.0,0.0,0.0,0.0,0.0,0.0,0.0,0.0,-0.00843755859375,0.0168751171875,0.0,0.00843755859375,0.0,0.00843755859375,0.0,0.0119355908203125,0.0,0.0,0.0,0.0,0.0,0.0,0.0,0.0,0.0,0.0,0.0,0.0,0.0,0.0,0.0,0.0,0.0,0.0,0.0,0.0,0.0,0.0,0.0,0.0,0.0,0.0
0.5012661930000001,0.0,-3.490658504023969e-05,-1.7453292518787578e-05,-3.490658504023969e-05,-5.235987755902727e-05,-8.726646260726056e-06,8.881784197001252e-16,1.7453292519675756e-05,1.7453292514346685e-05,0.0,0.0,0.0,0.0,0.0,0.0,0.0,0.0,0.0,0.0,0.0,0.0,0.0,0.0,0.0,0.0,-0.012656337890625,0.004218779296875,0.004218779296875,0.004218779296875,0.0,0.0,0.0,0.01591412109375,0.0,0.0,0.0,0.0,0.0,0.0,0.0,0.0,0.0,0.0,0.0,0.0,0.0,0.0,0.0,0.0,0.0,0.0,0.0,0.0,0.0,0.0,0.0,0.0,0.0,0.0
0.5112545150000001,0.0,-3.490658504023969e-05,-1.7453292518787578e-05,-3.490658504023969e-05,-5.235987755902727e-05,-8.726646260726056e-06,8.881784197001252e-16,1.7453292519675756e-05,1.7453292514346685e-05,0.0,0.0,0.0,0.0,0.0,0.0,0.0,0.0,0.0,0.0,0.0,0.0,0.0,0.0,0.0,0.0,-0.004218779296875,0.021093896484375,0.0,0.004218779296875,0.0,0.00843755859375,0.0,0.01591412109375,0.0,0.0,0.0,0.0,0.0,0.0,0.0,0.0,0.0,0.0,0.0,0.0,0.0,0.0,0.0,0.0,0.0,0.0,0.0,0.0,0.0,0.0,0.0,0.0,0.0,0.0
0.521105233,0.0,-3.490658504023969e-05,-1.7453292518787578e-05,-3.490658504023969e-05,-5.235987755902727e-05,-8.726646260726056e-06,8.881784197001252e-16,1.7453292519675756e-05,1.7453292514346685e-05,0.0,0.0,0.0,0.0,0.0,0.0,0.0,0.0,0.0,0.0,0.0,0.0,0.0,0.0,0.0,0.0,0.00843755859375,0.00843755859375,0.0,0.004218779296875,-0.00843755859375,0.00843755859375,-0.0039785302734375,0.0119355908203125,0.0,0.0,0.0,0.0,0.0,0.0,0.0,0.0,0.0,0.0,0.0,0.0,0.0,0.0,0.0,0.0,0.0,0.0,0.0,0.0,0.0,0.0,0.0,0.0,0.0,0.0
0.5315076160000001,0.0,-3.490658504023969e-05,-1.7453292518787578e-05,-3.490658504023969e-05,-5.235987755902727e-05,-8.726646260726056e-06,8.881784197001252e-16,1.7453292519675756e-05,1.7453292514346685e-05,0.0,0.0,0.0,0.0,0.0,0.0,0.0,0.0,0.0,0.0,0.0,0.0,0.0,0.0,0.0,0.0,0.00843755859375,0.004218779296875,0.004218779296875,0.012656337890625,0.0,0.00843755859375,0.0,0.01591412109375,0.0,0.0,0.0,0.0,0.0,0.0,0.0,0.0,0.0,0.0,0.0,0.0,0.0,0.0,0.0,0.0,0.0,0.0,0.0,0.0,0.0,0.0,0.0,0.0,0.0,0.0
0.541087286,0.0,-3.490658504023969e-05,-1.7453292518787578e-05,-3.490658504023969e-05,-5.235987755902727e-05,-8.726646260726056e-06,8.881784197001252e-16,1.7453292519675756e-05,1.7453292514346685e-05,0.0,0.0,0.0,0.0,0.0,0.0,0.0,0.0,0.0,0.0,0.0,0.0,0.0,0.0,0.0,0.0,0.0168751171875,0.00843755859375,0.004218779296875,0.012656337890625,0.0,0.0,0.0039785302734375,0.0119355908203125,0.0,0.0,0.0,0.0,0.0,0.0,0.0,0.0,0.0,0.0,0.0,0.0,0.0,0.0,0.0,0.0,0.0,0.0,0.0,0.0,0.0,0.0,0.0,0.0,0.0,0.0
0.551123545,0.0,-3.490658504023969e-05,-1.7453292518787578e-05,-3.490658504023969e-05,-5.235987755902727e-05,-8.726646260726056e-06,8.881784197001252e-16,1.7453292519675756e-05,1.7453292514346685e-05,0.0,0.0,0.0,0.0,0.0,0.0,0.0,0.0,0.0,0.0,0.0,0.0,0.0,0.0,0.0,0.0,0.021093896484375,0.00843755859375,0.004218779296875,0.0168751171875,0.0,-0.00843755859375,0.0,0.01591412109375,0.0,0.0,0.0,0.0,0.0,0.0,0.0,0.0,0.0,0.0,0.0,0.0,0.0,0.0,0.0,0.0,0.0,0.0,0.0,0.0,0.0,0.0,0.0,0.0,0.0,0.0
0.561018841,0.0,-3.490658504023969e-05,-1.7453292518787578e-05,-3.490658504023969e-05,-5.235987755902727e-05,-8.726646260726056e-06,8.881784197001252e-16,1.7453292519675756e-05,1.7453292514346685e-05,0.0,0.0,0.0,0.0,0.0,0.0,0.0,0.0,0.0,0.0,0.0,0.0,0.0,0.0,0.0,0.0,0.004218779296875,0.0,0.004218779296875,0.004218779296875,0.0,0.0,0.0039785302734375,0.01591412109375,0.0,0.0,0.0,0.0,0.0,0.0,0.0,0.0,0.0,0.0,0.0,0.0,0.0,0.0,0.0,0.0,0.0,0.0,0.0,0.0,0.0,0.0,0.0,0.0,0.0,0.0
0.5711796170000001,0.0,-3.490658504023969e-05,-1.7453292518787578e-05,-3.490658504023969e-05,-5.235987755902727e-05,-8.726646260726056e-06,8.881784197001252e-16,1.7453292519675756e-05,1.7453292514346685e-05,0.0,0.0,0.0,0.0,0.0,0.0,0.0,0.0,0.0,0.0,0.0,0.0,0.0,0.0,0.0,0.0,0.004218779296875,0.00843755859375,0.004218779296875,0.004218779296875,0.0,0.0,0.0039785302734375,0.0119355908203125,0.0,0.0,0.0,0.0,0.0,0.0,0.0,0.0,0.0,0.0,0.0,0.0,0.0,0.0,0.0,0.0,0.0,0.0,0.0,0.0,0.0,0.0,0.0,0.0,0.0,0.0
0.581224453,0.0,-3.490658504023969e-05,-1.7453292518787578e-05,-3.490658504023969e-05,-5.235987755902727e-05,-8.726646260726056e-06,8.881784197001252e-16,1.7453292519675756e-05,1.7453292514346685e-05,0.0,0.0,0.0,0.0,0.0,0.0,0.0,0.0,0.0,0.0,0.0,0.0,0.0,0.0,0.0,0.0,0.012656337890625,0.004218779296875,0.004218779296875,0.0,0.0,0.0,0.0,0.01591412109375,0.0,0.0,0.0,0.0,0.0,0.0,0.0,0.0,0.0,0.0,0.0,0.0,0.0,0.0,0.0,0.0,0.0,0.0,0.0,0.0,0.0,0.0,0.0,0.0,0.0,0.0
0.591203047,0.0,-3.490658504023969e-05,-1.7453292518787578e-05,-3.490658504023969e-05,-5.235987755902727e-05,-8.726646260726056e-06,8.881784197001252e-16,1.7453292519675756e-05,1.7453292514346685e-05,0.0,0.0,0.0,0.0,0.0,0.0,0.0,0.0,0.0,0.0,0.0,0.0,0.0,0.0,0.0,0.0,0.004218779296875,0.00843755859375,0.0,0.004218779296875,0.0,0.0,0.0,0.01591412109375,0.0,0.0,0.0,0.0,0.0,0.0,0.0,0.0,0.0,0.0,0.0,0.0,0.0,0.0,0.0,0.0,0.0,0.0,0.0,0.0,0.0,0.0,0.0,0.0,0.0,0.0
0.601300653,0.0,-3.490658504023969e-05,-1.7453292518787578e-05,-3.490658504023969e-05,-5.235987755902727e-05,-8.726646260726056e-06,8.881784197001252e-16,1.7453292519675756e-05,1.7453292514346685e-05,0.0,0.0,0.0,0.0,0.0,0.0,0.0,0.0,0.0,0.0,0.0,0.0,0.0,0.0,0.0,0.0,0.004218779296875,0.00843755859375,0.004218779296875,0.012656337890625,0.0,0.00843755859375,0.0039785302734375,0.01591412109375,0.0,0.0,0.0,0.0,0.0,0.0,0.0,0.0,0.0,0.0,0.0,0.0,0.0,0.0,0.0,0.0,0.0,0.0,0.0,0.0,0.0,0.0,0.0,0.0,0.0,0.0
0.6111536750000001,0.0,-3.490658504023969e-05,-1.7453292518787578e-05,-3.490658504023969e-05,-5.235987755902727e-05,-8.726646260726056e-06,8.881784197001252e-16,1.7453292519675756e-05,1.7453292514346685e-05,0.0,0.0,0.0,0.0,0.0,0.0,0.0,0.0,0.0,0.0,0.0,0.0,0.0,0.0,0.0,0.0,0.00843755859375,0.0,0.004218779296875,0.012656337890625,-0.00843755859375,0.00843755859375,-0.0039785302734375,0.01591412109375,0.0,0.0,0.0,0.0,0.0,0.0,0.0,0.0,0.0,0.0,0.0,0.0,0.0,0.0,0.0,0.0,0.0,0.0,0.0,0.0,0.0,0.0,0.0,0.0,0.0,0.0
0.621070507,0.0,-3.490658504023969e-05,-1.7453292518787578e-05,-3.490658504023969e-05,-5.235987755902727e-05,-8.726646260726056e-06,8.881784197001252e-16,1.7453292519675756e-05,1.7453292514346685e-05,0.0,0.0,0.0,0.0,0.0,0.0,0.0,0.0,0.0,0.0,0.0,0.0,0.0,0.0,0.0,0.0,0.00843755859375,0.004218779296875,0.004218779296875,0.012656337890625,0.0,0.0,0.0,0.0119355908203125,0.0,0.0,0.0,0.0,0.0,0.0,0.0,0.0,0.0,0.0,0.0,0.0,0.0,0.0,0.0,0.0,0.0,0.0,0.0,0.0,0.0,0.0,0.0,0.0,0.0,0.0
0.6312562110000001,0.0,-3.490658504023969e-05,-1.7453292518787578e-05,-3.490658504023969e-05,-5.235987755902727e-05,-8.726646260726056e-06,8.881784197001252e-16,1.7453292519675756e-05,1.7453292514346685e-05,0.0,0.0,0.0,0.0,0.0,0.0,0.0,0.0,0.0,0.0,0.0,0.0,0.0,0.0,0.0,0.0,0.00843755859375,0.00843755859375,0.004218779296875,0.00843755859375,-0.00843755859375,0.0,0.0,0.0119355908203125,0.0,0.0,0.0,0.0,0.0,0.0,0.0,0.0,0.0,0.0,0.0,0.0,0.0,0.0,0.0,0.0,0.0,0.0,0.0,0.0,0.0,0.0,0.0,0.0,0.0,0.0
0.6409778690000001,0.0,-3.490658504023969e-05,-1.7453292518787578e-05,-3.490658504023969e-05,-5.235987755902727e-05,-8.726646260726056e-06,8.881784197001252e-16,1.7453292519675756e-05,1.7453292514346685e-05,0.0,0.0,0.0,0.0,0.0,0.0,0.0,0.0,0.0,0.0,0.0,0.0,0.0,0.0,0.0,0.0,0.012656337890625,0.00843755859375,0.004218779296875,0.0,-0.00843755859375,0.0,0.0,0.0119355908203125,0.0,0.0,0.0,0.0,0.0,0.0,0.0,0.0,0.0,0.0,0.0,0.0,0.0,0.0,0.0,0.0,0.0,0.0,0.0,0.0,0.0,0.0,0.0,0.0,0.0,0.0
0.651237272,0.0,-3.490658504023969e-05,-1.7453292518787578e-05,-3.490658504023969e-05,-5.235987755902727e-05,-8.726646260726056e-06,8.881784197001252e-16,1.7453292519675756e-05,1.7453292514346685e-05,0.0,0.0,0.0,0.0,0.0,0.0,0.0,0.0,0.0,0.0,0.0,0.0,0.0,0.0,0.0,0.0,0.00843755859375,0.00843755859375,0.004218779296875,0.012656337890625,0.0,0.0,0.0,0.01591412109375,0.0,0.0,0.0,0.0,0.0,0.0,0.0,0.0,0.0,0.0,0.0,0.0,0.0,0.0,0.0,0.0,0.0,0.0,0.0,0.0,0.0,0.0,0.0,0.0,0.0,0.0
0.6610789020000001,0.0,-3.490658504023969e-05,-1.7453292518787578e-05,-3.490658504023969e-05,-5.235987755902727e-05,-8.726646260726056e-06,8.881784197001252e-16,1.7453292519675756e-05,1.7453292514346685e-05,0.0,0.0,0.0,0.0,0.0,0.0,0.0,0.0,0.0,0.0,0.0,0.0,0.0,0.0,0.0,0.0,0.004218779296875,0.004218779296875,0.004218779296875,0.004218779296875,-0.00843755859375,0.00843755859375,-0.0039785302734375,0.01591412109375,0.0,0.0,0.0,0.0,0.0,0.0,0.0,0.0,0.0,0.0,0.0,0.0,0.0,0.0,0.0,0.0,0.0,0.0,0.0,0.0,0.0,0.0,0.0,0.0,0.0,0.0
0.671205597,0.0,-3.490658504023969e-05,-1.7453292518787578e-05,-3.490658504023969e-05,-5.235987755902727e-05,-8.726646260726056e-06,8.881784197001252e-16,1.7453292519675756e-05,1.7453292514346685e-05,0.0,0.0,0.0,0.0,0.0,0.0,0.0,0.0,0.0,0.0,0.0,0.0,0.0,0.0,0.0,0.0,0.012656337890625,0.00843755859375,0.0,0.004218779296875,0.0,0.00843755859375,0.0,0.01591412109375,0.0,0.0,0.0,0.0,0.0,0.0,0.0,0.0,0.0,0.0,0.0,0.0,0.0,0.0,0.0,0.0,0.0,0.0,0.0,0.0,0.0,0.0,0.0,0.0,0.0,0.0
0.681033114,0.0,-3.490658504023969e-05,-1.7453292518787578e-05,-3.490658504023969e-05,-5.235987755902727e-05,-8.726646260726056e-06,8.881784197001252e-16,1.7453292519675756e-05,1.7453292514346685e-05,0.0,0.0,0.0,0.0,0.0,0.0,0.0,0.0,0.0,0.0,0.0,0.0,0.0,0.0,0.0,0.0,0.00843755859375,0.0168751171875,0.004218779296875,0.004218779296875,-0.00843755859375,0.00843755859375,0.0,0.0119355908203125,0.0,0.0,0.0,0.0,0.0,0.0,0.0,0.0,0.0,0.0,0.0,0.0,0.0,0.0,0.0,0.0,0.0,0.0,0.0,0.0,0.0,0.0,0.0,0.0,0.0,0.0
0.691155968,0.0,-3.490658504023969e-05,-1.7453292518787578e-05,-3.490658504023969e-05,-5.235987755902727e-05,-8.726646260726056e-06,8.881784197001252e-16,1.7453292519675756e-05,1.7453292514346685e-05,0.0,0.0,0.0,0.0,0.0,0.0,0.0,0.0,0.0,0.0,0.0,0.0,0.0,0.0,0.0,0.0,0.004218779296875,0.00843755859375,0.004218779296875,0.004218779296875,0.0,0.0,0.0,0.01591412109375,0.0,0.0,0.0,0.0,0.0,0.0,0.0,0.0,0.0,0.0,0.0,0.0,0.0,0.0,0.0,0.0,0.0,0.0,0.0,0.0,0.0,0.0,0.0,0.0,0.0,0.0
0.701247014,0.0,-3.490658504023969e-05,-1.7453292518787578e-05,-3.490658504023969e-05,-5.235987755902727e-05,-8.726646260726056e-06,8.881784197001252e-16,1.7453292519675756e-05,1.7453292514346685e-05,0.0,0.0,0.0,0.0,0.0,0.0,0.0,0.0,0.0,0.0,0.0,0.0,0.0,0.0,0.0,0.0,0.012656337890625,0.00843755859375,0.004218779296875,0.004218779296875,0.0,0.0,0.0,0.0119355908203125,0.0,0.0,0.0,0.0,0.0,0.0,0.0,0.0,0.0,0.0,0.0,0.0,0.0,0.0,0.0,0.0,0.0,0.0,0.0,0.0,0.0,0.0,0.0,0.0,0.0,0.0
0.7112599770000001,0.0,-3.490658504023969e-05,-1.7453292518787578e-05,-3.490658504023969e-05,-5.235987755902727e-05,-8.726646260726056e-06,8.881784197001252e-16,1.7453292519675756e-05,1.7453292514346685e-05,0.0,0.0,0.0,0.0,0.0,0.0,0.0,0.0,0.0,0.0,0.0,0.0,0.0,0.0,0.0,0.0,0.00843755859375,0.0168751171875,0.004218779296875,0.004218779296875,0.0,0.00843755859375,0.0,0.0119355908203125,0.0,0.0,0.0,0.0,0.0,0.0,0.0,0.0,0.0,0.0,0.0,0.0,0.0,0.0,0.0,0.0,0.0,0.0,0.0,0.0,0.0,0.0,0.0,0.0,0.0,0.0
0.721172969,0.0,-3.490658504023969e-05,-1.7453292518787578e-05,-3.490658504023969e-05,-5.235987755902727e-05,-8.726646260726056e-06,8.881784197001252e-16,1.7453292519675756e-05,1.7453292514346685e-05,0.0,0.0,0.0,0.0,0.0,0.0,0.0,0.0,0.0,0.0,0.0,0.0,0.0,0.0,0.0,0.0,0.00843755859375,0.00843755859375,0.0,0.012656337890625,-0.00843755859375,0.0,0.0,0.007957060546875,0.0,0.0,0.0,0.0,0.0,0.0,0.0,0.0,0.0,0.0,0.0,0.0,0.0,0.0,0.0,0.0,0.0,0.0,0.0,0.0,0.0,0.0,0.0,0.0,0.0,0.0
0.731145739,0.0,-3.490658504023969e-05,-1.7453292518787578e-05,-3.490658504023969e-05,-5.235987755902727e-05,-8.726646260726056e-06,8.881784197001252e-16,1.7453292519675756e-05,1.7453292514346685e-05,0.0,0.0,0.0,0.0,0.0,0.0,0.0,0.0,0.0,0.0,0.0,0.0,0.0,0.0,0.0,0.0,0.0168751171875,0.004218779296875,0.004218779296875,0.004218779296875,0.0,0.00843755859375,0.0,0.01591412109375,0.0,0.0,0.0,0.0,0.0,0.0,0.0,0.0,0.0,0.0,0.0,0.0,0.0,0.0,0.0,0.0,0.0,0.0,0.0,0.0,0.0,0.0,0.0,0.0,0.0,0.0
0.7411627980000001,0.0,-3.490658504023969e-05,-1.7453292518787578e-05,-3.490658504023969e-05,-5.235987755902727e-05,-8.726646260726056e-06,8.881784197001252e-16,1.7453292519675756e-05,1.7453292514346685e-05,0.0,0.0,0.0,0.0,0.0,0.0,0.0,0.0,0.0,0.0,0.0,0.0,0.0,0.0,0.0,0.0,0.0168751171875,0.00843755859375,0.004218779296875,0.004218779296875,0.0,0.0,0.0,0.01591412109375,0.0,0.0,0.0,0.0,0.0,0.0,0.0,0.0,0.0,0.0,0.0,0.0,0.0,0.0,0.0,0.0,0.0,0.0,0.0,0.0,0.0,0.0,0.0,0.0,0.0,0.0
0.751261332,0.0,-3.490658504023969e-05,-1.7453292518787578e-05,-3.490658504023969e-05,-5.235987755902727e-05,-8.726646260726056e-06,8.881784197001252e-16,1.7453292519675756e-05,1.7453292514346685e-05,0.0,0.0,0.0,0.0,0.0,0.0,0.0,0.0,0.0,0.0,0.0,0.0,0.0,0.0,0.0,0.0,0.021093896484375,0.012656337890625,0.0,0.004218779296875,-0.00843755859375,0.0,0.0039785302734375,0.0119355908203125,0.0,0.0,0.0,0.0,0.0,0.0,0.0,0.0,0.0,0.0,0.0,0.0,0.0,0.0,0.0,0.0,0.0,0.0,0.0,0.0,0.0,0.0,0.0,0.0,0.0,0.0
0.7611797640000001,0.0,-3.490658504023969e-05,-1.7453292518787578e-05,-3.490658504023969e-05,-5.235987755902727e-05,-8.726646260726056e-06,8.881784197001252e-16,1.7453292519675756e-05,1.7453292514346685e-05,0.0,0.0,0.0,0.0,0.0,0.0,0.0,0.0,0.0,0.0,0.0,0.0,0.0,0.0,0.0,0.0,0.0168751171875,0.00843755859375,0.004218779296875,0.004218779296875,-0.00843755859375,0.0,0.0039785302734375,0.0119355908203125,0.0,0.0,0.0,0.0,0.0,0.0,0.0,0.0,0.0,0.0,0.0,0.0,0.0,0.0,0.0,0.0,0.0,0.0,0.0,0.0,0.0,0.0,0.0,0.0,0.0,0.0
0.771159382,0.0,-3.490658504023969e-05,-1.7453292518787578e-05,-3.490658504023969e-05,-5.235987755902727e-05,-8.726646260726056e-06,8.881784197001252e-16,1.7453292519675756e-05,1.7453292514346685e-05,0.0,0.0,0.0,0.0,0.0,0.0,0.0,0.0,0.0,0.0,0.0,0.0,0.0,0.0,0.0,0.0,0.012656337890625,0.00843755859375,0.0,0.0,-0.00843755859375,0.0,0.0,0.0119355908203125,0.0,0.0,0.0,0.0,0.0,0.0,0.0,0.0,0.0,0.0,0.0,0.0,0.0,0.0,0.0,0.0,0.0,0.0,0.0,0.0,0.0,0.0,0.0,0.0,0.0,0.0
0.7812237710000001,0.0,-3.490658504023969e-05,-1.7453292518787578e-05,-3.490658504023969e-05,-5.235987755902727e-05,-8.726646260726056e-06,8.881784197001252e-16,1.7453292519675756e-05,1.7453292514346685e-05,0.0,0.0,0.0,0.0,0.0,0.0,0.0,0.0,0.0,0.0,0.0,0.0,0.0,0.0,0.0,0.0,0.012656337890625,0.00843755859375,0.004218779296875,0.004218779296875,0.0,0.0,0.0,0.0119355908203125,0.0,0.0,0.0,0.0,0.0,0.0,0.0,0.0,0.0,0.0,0.0,0.0,0.0,0.0,0.0,0.0,0.0,0.0,0.0,0.0,0.0,0.0,0.0,0.0,0.0,0.0
0.7911688280000001,0.0,-3.490658504023969e-05,-1.7453292518787578e-05,-3.490658504023969e-05,-5.235987755902727e-05,-8.726646260726056e-06,8.881784197001252e-16,1.7453292519675756e-05,1.7453292514346685e-05,0.0,0.0,0.0,0.0,0.0,0.0,0.0,0.0,0.0,0.0,0.0,0.0,0.0,0.0,0.0,0.0,0.004218779296875,0.0168751171875,0.0,0.012656337890625,0.0,0.00843755859375,0.0,0.0119355908203125,0.0,0.0,0.0,0.0,0.0,0.0,0.0,0.0,0.0,0.0,0.0,0.0,0.0,0.0,0.0,0.0,0.0,0.0,0.0,0.0,0.0,0.0,0.0,0.0,0.0,0.0
0.801288482,0.0,-3.490658504023969e-05,-1.7453292518787578e-05,-3.490658504023969e-05,-5.235987755902727e-05,-8.726646260726056e-06,8.881784197001252e-16,1.7453292519675756e-05,1.7453292514346685e-05,0.0,0.0,0.0,0.0,0.0,0.0,0.0,0.0,0.0,0.0,0.0,0.0,0.0,0.0,0.0,0.0,-0.046406572265625,0.0,0.004218779296875,0.004218779296875,0.0,0.0,0.0,0.01591412109375,0.0,0.0,0.0,0.0,0.0,0.0,0.0,0.0,0.0,0.0,0.0,0.0,0.0,0.0,0.0,0.0,0.0,0.0,0.0,0.0,0.0,0.0,0.0,0.0,0.0,0.0
0.811177633,0.0,-3.490658504023969e-05,-1.7453292518787578e-05,-3.490658504023969e-05,-5.235987755902727e-05,-8.726646260726056e-06,8.881784197001252e-16,1.7453292519675756e-05,1.7453292514346685e-05,0.0,0.0,0.0,0.0,0.0,0.0,0.0,0.0,0.0,0.0,0.0,0.0,0.0,0.0,0.0,0.0,0.004218779296875,0.00843755859375,0.004218779296875,0.004218779296875,0.00843755859375,0.0,0.0,0.007957060546875,0.0,0.0,0.0,0.0,0.0,0.0,0.0,0.0,0.0,0.0,0.0,0.0,0.0,0.0,0.0,0.0,0.0,0.0,0.0,0.0,0.0,0.0,0.0,0.0,0.0,0.0
0.821082944,0.0,-3.490658504023969e-05,-1.7453292518787578e-05,-3.490658504023969e-05,-5.235987755902727e-05,-8.726646260726056e-06,8.881784197001252e-16,1.7453292519675756e-05,1.7453292514346685e-05,0.0,0.0,0.0,0.0,0.0,0.0,0.0,0.0,0.0,0.0,0.0,0.0,0.0,0.0,0.0,0.0,0.004218779296875,0.012656337890625,0.004218779296875,0.0,0.0,0.0,0.0,0.0119355908203125,0.0,0.0,0.0,0.0,0.0,0.0,0.0,0.0,0.0,0.0,0.0,0.0,0.0,0.0,0.0,0.0,0.0,0.0,0.0,0.0,0.0,0.0,0.0,0.0,0.0,0.0
0.8311838460000001,0.0,-3.490658504023969e-05,-1.7453292518787578e-05,-3.490658504023969e-05,-5.235987755902727e-05,-8.726646260726056e-06,8.881784197001252e-16,1.7453292519675756e-05,1.7453292514346685e-05,0.0,0.0,0.0,0.0,0.0,0.0,0.0,0.0,0.0,0.0,0.0,0.0,0.0,0.0,0.0,0.0,-0.021093896484375,-0.021093896484375,0.004218779296875,0.004218779296875,0.0,0.00843755859375,0.0,0.01591412109375,0.0,0.0,0.0,0.0,0.0,0.0,0.0,0.0,0.0,0.0,0.0,0.0,0.0,0.0,0.0,0.0,0.0,0.0,0.0,0.0,0.0,0.0,0.0,0.0,0.0,0.0
0.8413170360000001,0.0,-3.490658504023969e-05,-1.7453292518787578e-05,-3.490658504023969e-05,-5.235987755902727e-05,-8.726646260726056e-06,8.881784197001252e-16,1.7453292519675756e-05,1.7453292514346685e-05,0.0,0.0,0.0,0.0,0.0,0.0,0.0,0.0,0.0,0.0,0.0,0.0,0.0,0.0,0.0,0.0,0.00843755859375,0.0,0.0,0.004218779296875,0.0,0.00843755859375,0.0,0.0119355908203125,0.0,0.0,0.0,0.0,0.0,0.0,0.0,0.0,0.0,0.0,0.0,0.0,0.0,0.0,0.0,0.0,0.0,0.0,0.0,0.0,0.0,0.0,0.0,0.0,0.0,0.0
0.851197803,0.0,-3.490658504023969e-05,-1.7453292518787578e-05,-3.490658504023969e-05,-5.235987755902727e-05,-8.726646260726056e-06,8.881784197001252e-16,1.7453292519675756e-05,1.7453292514346685e-05,0.0,0.0,0.0,0.0,0.0,0.0,0.0,0.0,0.0,0.0,0.0,0.0,0.0,0.0,0.0,0.0,0.012656337890625,0.00843755859375,0.004218779296875,0.0,0.0,0.00843755859375,0.0,0.0119355908203125,0.0,0.0,0.0,0.0,0.0,0.0,0.0,0.0,0.0,0.0,0.0,0.0,0.0,0.0,0.0,0.0,0.0,0.0,0.0,0.0,0.0,0.0,0.0,0.0,0.0,0.0
0.861284912,0.0,-3.490658504023969e-05,-1.7453292518787578e-05,-3.490658504023969e-05,-5.235987755902727e-05,-8.726646260726056e-06,8.881784197001252e-16,1.7453292519675756e-05,1.7453292514346685e-05,0.0,0.0,0.0,0.0,0.0,0.0,0.0,0.0,0.0,0.0,0.0,0.0,0.0,0.0,0.0,0.0,0.00843755859375,0.00843755859375,0.004218779296875,0.012656337890625,0.0,0.0,0.0,0.0119355908203125,0.0,0.0,0.0,0.0,0.0,0.0,0.0,0.0,0.0,0.0,0.0,0.0,0.0,0.0,0.0,0.0,0.0,0.0,0.0,0.0,0.0,0.0,0.0,0.0,0.0,0.0
0.871436855,0.0,-3.490658504023969e-05,-1.7453292518787578e-05,-3.490658504023969e-05,-5.235987755902727e-05,-8.726646260726056e-06,8.881784197001252e-16,1.7453292519675756e-05,1.7453292514346685e-05,0.0,0.0,0.0,0.0,0.0,0.0,0.0,0.0,0.0,0.0,0.0,0.0,0.0,0.0,0.0,0.0,0.00843755859375,0.00843755859375,0.0,0.0,0.0,0.0,0.0039785302734375,0.01591412109375,0.0,0.0,0.0,0.0,0.0,0.0,0.0,0.0,0.0,0.0,0.0,0.0,0.0,0.0,0.0,0.0,0.0,0.0,0.0,0.0,0.0,0.0,0.0,0.0,0.0,0.0
0.8811323360000001,0.0,-3.490658504023969e-05,-1.7453292518787578e-05,-3.490658504023969e-05,-5.235987755902727e-05,-8.726646260726056e-06,8.881784197001252e-16,1.7453292519675756e-05,1.7453292514346685e-05,0.0,0.0,0.0,0.0,0.0,0.0,0.0,0.0,0.0,0.0,0.0,0.0,0.0,0.0,0.0,0.0,0.004218779296875,0.00843755859375,0.004218779296875,0.004218779296875,0.0,0.0,0.0,0.0119355908203125,0.0,0.0,0.0,0.0,0.0,0.0,0.0,0.0,0.0,0.0,0.0,0.0,0.0,0.0,0.0,0.0,0.0,0.0,0.0,0.0,0.0,0.0,0.0,0.0,0.0,0.0
0.89124607,0.0,-3.490658504023969e-05,-1.7453292518787578e-05,-3.490658504023969e-05,-5.235987755902727e-05,-8.726646260726056e-06,8.881784197001252e-16,1.7453292519675756e-05,1.7453292514346685e-05,0.0,0.0,0.0,0.0,0.0,0.0,0.0,0.0,0.0,0.0,0.0,0.0,0.0,0.0,0.0,0.0,0.00843755859375,0.00843755859375,0.0,0.004218779296875,0.0,0.0,0.0039785302734375,0.0119355908203125,0.0,0.0,0.0,0.0,0.0,0.0,0.0,0.0,0.0,0.0,0.0,0.0,0.0,0.0,0.0,0.0,0.0,0.0,0.0,0.0,0.0,0.0,0.0,0.0,0.0,0.0
0.901287962,0.0,-3.490658504023969e-05,-1.7453292518787578e-05,-3.490658504023969e-05,-5.235987755902727e-05,-8.726646260726056e-06,8.881784197001252e-16,1.7453292519675756e-05,1.7453292514346685e-05,0.0,0.0,0.0,0.0,0.0,0.0,0.0,0.0,0.0,0.0,0.0,0.0,0.0,0.0,0.0,0.0,0.012656337890625,0.0,0.0,0.004218779296875,-0.00843755859375,0.0,0.0,0.01591412109375,0.0,0.0,0.0,0.0,0.0,0.0,0.0,0.0,0.0,0.0,0.0,0.0,0.0,0.0,0.0,0.0,0.0,0.0,0.0,0.0,0.0,0.0,0.0,0.0,0.0,0.0
0.911315933,0.0,-3.490658504023969e-05,-1.7453292518787578e-05,-3.490658504023969e-05,-5.235987755902727e-05,-8.726646260726056e-06,8.881784197001252e-16,1.7453292519675756e-05,1.7453292514346685e-05,0.0,0.0,0.0,0.0,0.0,0.0,0.0,0.0,0.0,0.0,0.0,0.0,0.0,0.0,0.0,0.0,0.004218779296875,0.00843755859375,0.004218779296875,0.0,-0.00843755859375,0.0168751171875,0.0,0.01591412109375,0.0,0.0,0.0,0.0,0.0,0.0,0.0,0.0,0.0,0.0,0.0,0.0,0.0,0.0,0.0,0.0,0.0,0.0,0.0,0.0,0.0,0.0,0.0,0.0,0.0,0.0
0.921137273,0.0,-3.490658504023969e-05,-1.7453292518787578e-05,-3.490658504023969e-05,-5.235987755902727e-05,-8.726646260726056e-06,8.881784197001252e-16,1.7453292519675756e-05,1.7453292514346685e-05,0.0,0.0,0.0,0.0,0.0,0.0,0.0,0.0,0.0,0.0,0.0,0.0,0.0,0.0,0.0,0.0,0.00843755859375,0.00843755859375,0.004218779296875,0.004218779296875,0.0,0.0,0.0,0.007957060546875,0.0,0.0,0.0,0.0,0.0,0.0,0.0,0.0,0.0,0.0,0.0,0.0,0.0,0.0,0.0,0.0,0.0,0.0,0.0,0.0,0.0,0.0,0.0,0.0,0.0,0.0
0.9312296310000001,0.0,-3.490658504023969e-05,-1.7453292518787578e-05,-3.490658504023969e-05,-5.235987755902727e-05,-8.726646260726056e-06,8.881784197001252e-16,1.7453292519675756e-05,1.7453292514346685e-05,0.0,0.0,0.0,0.0,0.0,0.0,0.0,0.0,0.0,0.0,0.0,0.0,0.0,0.0,0.0,0.0,0.012656337890625,0.0,0.004218779296875,0.004218779296875,0.0,0.00843755859375,0.0,0.0119355908203125,0.0,0.0,0.0,0.0,0.0,0.0,0.0,0.0,0.0,0.0,0.0,0.0,0.0,0.0,0.0,0.0,0.0,0.0,0.0,0.0,0.0,0.0,0.0,0.0,0.0,0.0
0.941245026,0.0,-3.490658504023969e-05,-1.7453292518787578e-05,-3.490658504023969e-05,-5.235987755902727e-05,-8.726646260726056e-06,8.881784197001252e-16,1.7453292519675756e-05,1.7453292514346685e-05,0.0,0.0,0.0,0.0,0.0,0.0,0.0,0.0,0.0,0.0,0.0,0.0,0.0,0.0,0.0,0.0,0.012656337890625,0.004218779296875,0.0,0.004218779296875,-0.00843755859375,0.00843755859375,0.0,0.0198926513671875,0.0,0.0,0.0,0.0,0.0,0.0,0.0,0.0,0.0,0.0,0.0,0.0,0.0,0.0,0.0,0.0,0.0,0.0,0.0,0.0,0.0,0.0,0.0,0.0,0.0,0.0
0.9512783410000001,0.0,-3.490658504023969e-05,-1.7453292518787578e-05,-3.490658504023969e-05,-5.235987755902727e-05,-8.726646260726056e-06,8.881784197001252e-16,1.7453292519675756e-05,1.7453292514346685e-05,0.0,0.0,0.0,0.0,0.0,0.0,0.0,0.0,0.0,0.0,0.0,0.0,0.0,0.0,0.0,0.0,0.00843755859375,0.012656337890625,0.004218779296875,0.004218779296875,0.0,0.0,0.0,0.01591412109375,0.0,0.0,0.0,0.0,0.0,0.0,0.0,0.0,0.0,0.0,0.0,0.0,0.0,0.0,0.0,0.0,0.0,0.0,0.0,0.0,0.0,0.0,0.0,0.0,0.0,0.0
0.9611438430000001,0.0,-3.490658504023969e-05,-1.7453292518787578e-05,-3.490658504023969e-05,-5.235987755902727e-05,-8.726646260726056e-06,8.881784197001252e-16,1.7453292519675756e-05,1.7453292514346685e-05,0.0,0.0,0.0,0.0,0.0,0.0,0.0,0.0,0.0,0.0,0.0,0.0,0.0,0.0,0.0,0.0,0.012656337890625,0.004218779296875,0.0,0.004218779296875,-0.00843755859375,0.0,0.0,0.0119355908203125,0.0,0.0,0.0,0.0,0.0,0.0,0.0,0.0,0.0,0.0,0.0,0.0,0.0,0.0,0.0,0.0,0.0,0.0,0.0,0.0,0.0,0.0,0.0,0.0,0.0,0.0
0.971192071,0.0,-3.490658504023969e-05,-1.7453292518787578e-05,-3.490658504023969e-05,-5.235987755902727e-05,-8.726646260726056e-06,8.881784197001252e-16,1.7453292519675756e-05,1.7453292514346685e-05,0.0,0.0,0.0,0.0,0.0,0.0,0.0,0.0,0.0,0.0,0.0,0.0,0.0,0.0,0.0,0.0,0.00843755859375,0.00843755859375,0.0,0.012656337890625,-0.00843755859375,0.0,0.0,0.01591412109375,0.0,0.0,0.0,0.0,0.0,0.0,0.0,0.0,0.0,0.0,0.0,0.0,0.0,0.0,0.0,0.0,0.0,0.0,0.0,0.0,0.0,0.0,0.0,0.0,0.0,0.0
0.9811434960000001,0.0,-3.490658504023969e-05,-1.7453292518787578e-05,-3.490658504023969e-05,-5.235987755902727e-05,-8.726646260726056e-06,8.881784197001252e-16,1.7453292519675756e-05,1.7453292514346685e-05,0.0,0.0,0.0,0.0,0.0,0.0,0.0,0.0,0.0,0.0,0.0,0.0,0.0,0.0,0.0,0.0,0.012656337890625,0.012656337890625,0.004218779296875,0.012656337890625,-0.0168751171875,-0.00843755859375,0.0,0.01591412109375,0.0,0.0,0.0,0.0,0.0,0.0,0.0,0.0,0.0,0.0,0.0,0.0,0.0,0.0,0.0,0.0,0.0,0.0,0.0,0.0,0.0,0.0,0.0,0.0,0.0,0.0
0.9911738350000001,0.0,-3.490658504023969e-05,-1.7453292518787578e-05,-3.490658504023969e-05,-5.235987755902727e-05,-8.726646260726056e-06,8.881784197001252e-16,1.7453292519675756e-05,1.7453292514346685e-05,0.0,0.0,0.0,0.0,0.0,0.0,0.0,0.0,0.0,0.0,0.0,0.0,0.0,0.0,0.0,0.0,0.00843755859375,0.00843755859375,0.004218779296875,0.0,0.0,0.0,0.0039785302734375,0.0119355908203125,0.0,0.0,0.0,0.0,0.0,0.0,0.0,0.0,0.0,0.0,0.0,0.0,0.0,0.0,0.0,0.0,0.0,0.0,0.0,0.0,0.0,0.0,0.0,0.0,0.0,0.0
1.00119355,0.0,-3.490658504023969e-05,-1.7453292518787578e-05,-3.490658504023969e-05,-5.235987755902727e-05,-8.726646260726056e-06,8.881784197001252e-16,1.7453292519675756e-05,1.7453292514346685e-05,0.0,0.0,0.0,0.0,0.0,0.0,0.0,0.0,0.0,0.0,0.0,0.0,0.0,0.0,0.0,0.0,0.012656337890625,0.004218779296875,0.0,0.004218779296875,0.0,0.00843755859375,0.0,0.0119355908203125,0.0,0.0,0.0,0.0,0.0,0.0,0.0,0.0,0.0,0.0,0.0,0.0,0.0,0.0,0.0,0.0,0.0,0.0,0.0,0.0,0.0,0.0,0.0,0.0,0.0,0.0
1.0111678240000002,0.0,-3.490658504023969e-05,-1.7453292518787578e-05,-3.490658504023969e-05,-5.235987755902727e-05,-8.726646260726056e-06,8.881784197001252e-16,1.7453292519675756e-05,1.7453292514346685e-05,0.0,0.0,0.0,0.0,0.0,0.0,0.0,0.0,0.0,0.0,0.0,0.0,0.0,0.0,0.0,0.0,0.004218779296875,0.00843755859375,0.004218779296875,0.00843755859375,0.0,0.00843755859375,-0.0039785302734375,0.0119355908203125,0.0,0.0,0.0,0.0,0.0,0.0,0.0,0.0,0.0,0.0,0.0,0.0,0.0,0.0,0.0,0.0,0.0,0.0,0.0,0.0,0.0,0.0,0.0,0.0,0.0,0.0
1.021347448,0.0,-3.490658504023969e-05,-1.7453292518787578e-05,-3.490658504023969e-05,-5.235987755902727e-05,-8.726646260726056e-06,8.881784197001252e-16,1.7453292519675756e-05,1.7453292514346685e-05,0.0,0.0,0.0,0.0,0.0,0.0,0.0,0.0,0.0,0.0,0.0,0.0,0.0,0.0,0.0,0.0,0.012656337890625,0.004218779296875,0.0,0.004218779296875,0.0,0.00843755859375,0.0,0.0119355908203125,0.0,0.0,0.0,0.0,0.0,0.0,0.0,0.0,0.0,0.0,0.0,0.0,0.0,0.0,0.0,0.0,0.0,0.0,0.0,0.0,0.0,0.0,0.0,0.0,0.0,0.0
1.031167924,0.0,-3.490658504023969e-05,-1.7453292518787578e-05,-3.490658504023969e-05,-5.235987755902727e-05,-8.726646260726056e-06,8.881784197001252e-16,1.7453292519675756e-05,1.7453292514346685e-05,0.0,0.0,0.0,0.0,0.0,0.0,0.0,0.0,0.0,0.0,0.0,0.0,0.0,0.0,0.0,0.0,0.0168751171875,0.0,0.004218779296875,0.004218779296875,0.0,0.00843755859375,0.0,0.0119355908203125,0.0,0.0,0.0,0.0,0.0,0.0,0.0,0.0,0.0,0.0,0.0,0.0,0.0,0.0,0.0,0.0,0.0,0.0,0.0,0.0,0.0,0.0,0.0,0.0,0.0,0.0
1.0412924430000001,0.0,-3.490658504023969e-05,-1.7453292518787578e-05,-3.490658504023969e-05,-5.235987755902727e-05,-8.726646260726056e-06,8.881784197001252e-16,1.7453292519675756e-05,1.7453292514346685e-05,0.0,0.0,0.0,0.0,0.0,0.0,0.0,0.0,0.0,0.0,0.0,0.0,0.0,0.0,0.0,0.0,0.0168751171875,0.0168751171875,0.004218779296875,0.004218779296875,0.0,0.00843755859375,0.0,0.0119355908203125,0.0,0.0,0.0,0.0,0.0,0.0,0.0,0.0,0.0,0.0,0.0,0.0,0.0,0.0,0.0,0.0,0.0,0.0,0.0,0.0,0.0,0.0,0.0,0.0,0.0,0.0
1.051121272,0.0,-3.490658504023969e-05,-1.7453292518787578e-05,-3.490658504023969e-05,-5.235987755902727e-05,-8.726646260726056e-06,8.881784197001252e-16,1.7453292519675756e-05,1.7453292514346685e-05,0.0,0.0,0.0,0.0,0.0,0.0,0.0,0.0,0.0,0.0,0.0,0.0,0.0,0.0,0.0,0.0,0.0168751171875,0.0168751171875,0.004218779296875,0.004218779296875,-0.00843755859375,-0.00843755859375,0.0,0.0119355908203125,0.0,0.0,0.0,0.0,0.0,0.0,0.0,0.0,0.0,0.0,0.0,0.0,0.0,0.0,0.0,0.0,0.0,0.0,0.0,0.0,0.0,0.0,0.0,0.0,0.0,0.0
1.061130554,0.0,-3.490658504023969e-05,-1.7453292518787578e-05,-3.490658504023969e-05,-5.235987755902727e-05,-8.726646260726056e-06,8.881784197001252e-16,1.7453292519675756e-05,1.7453292514346685e-05,0.0,0.0,0.0,0.0,0.0,0.0,0.0,0.0,0.0,0.0,0.0,0.0,0.0,0.0,0.0,0.0,0.0168751171875,0.0168751171875,0.004218779296875,0.004218779296875,-0.00843755859375,0.0,0.0,0.0119355908203125,0.0,0.0,0.0,0.0,0.0,0.0,0.0,0.0,0.0,0.0,0.0,0.0,0.0,0.0,0.0,0.0,0.0,0.0,0.0,0.0,0.0,0.0,0.0,0.0,0.0,0.0
1.07119059,0.0,-3.490658504023969e-05,-1.7453292518787578e-05,-3.490658504023969e-05,-5.235987755902727e-05,-8.726646260726056e-06,8.881784197001252e-16,1.7453292519675756e-05,1.7453292514346685e-05,0.0,0.0,0.0,0.0,0.0,0.0,0.0,0.0,0.0,0.0,0.0,0.0,0.0,0.0,0.0,0.0,0.012656337890625,0.012656337890625,0.004218779296875,0.004218779296875,0.0,0.0,0.0,0.0119355908203125,0.0,0.0,0.0,0.0,0.0,0.0,0.0,0.0,0.0,0.0,0.0,0.0,0.0,0.0,0.0,0.0,0.0,0.0,0.0,0.0,0.0,0.0,0.0,0.0,0.0,0.0
1.081066941,0.0,-3.490658504023969e-05,-1.7453292518787578e-05,-3.490658504023969e-05,-5.235987755902727e-05,-8.726646260726056e-06,8.881784197001252e-16,1.7453292519675756e-05,1.7453292514346685e-05,0.0,0.0,0.0,0.0,0.0,0.0,0.0,0.0,0.0,0.0,0.0,0.0,0.0,0.0,0.0,0.0,0.0168751171875,0.0168751171875,0.004218779296875,0.004218779296875,0.0,0.0,0.0,0.01591412109375,0.0,0.0,0.0,0.0,0.0,0.0,0.0,0.0,0.0,0.0,0.0,0.0,0.0,0.0,0.0,0.0,0.0,0.0,0.0,0.0,0.0,0.0,0.0,0.0,0.0,0.0
1.0911357130000001,0.0,-3.490658504023969e-05,-1.7453292518787578e-05,-3.490658504023969e-05,-5.235987755902727e-05,-8.726646260726056e-06,8.881784197001252e-16,1.7453292519675756e-05,1.7453292514346685e-05,0.0,0.0,0.0,0.0,0.0,0.0,0.0,0.0,0.0,0.0,0.0,0.0,0.0,0.0,0.0,0.0,0.0168751171875,0.012656337890625,0.0,0.004218779296875,-0.00843755859375,0.0168751171875,0.0,0.01591412109375,0.0,0.0,0.0,0.0,0.0,0.0,0.0,0.0,0.0,0.0,0.0,0.0,0.0,0.0,0.0,0.0,0.0,0.0,0.0,0.0,0.0,0.0,0.0,0.0,0.0,0.0
1.101397036,0.0,-3.490658504023969e-05,-1.7453292518787578e-05,-3.490658504023969e-05,-5.235987755902727e-05,-8.726646260726056e-06,8.881784197001252e-16,1.7453292519675756e-05,1.7453292514346685e-05,0.0,0.0,0.0,0.0,0.0,0.0,0.0,0.0,0.0,0.0,0.0,0.0,0.0,0.0,0.0,0.0,0.0168751171875,0.0168751171875,0.0,0.0,0.0,0.00843755859375,0.0039785302734375,0.01591412109375,0.0,0.0,0.0,0.0,0.0,0.0,0.0,0.0,0.0,0.0,0.0,0.0,0.0,0.0,0.0,0.0,0.0,0.0,0.0,0.0,0.0,0.0,0.0,0.0,0.0,0.0
1.111185576,0.0,-3.490658504023969e-05,-1.7453292518787578e-05,-3.490658504023969e-05,-5.235987755902727e-05,-8.726646260726056e-06,8.881784197001252e-16,1.7453292519675756e-05,1.7453292514346685e-05,0.0,0.0,0.0,0.0,0.0,0.0,0.0,0.0,0.0,0.0,0.0,0.0,0.0,0.0,0.0,0.0,0.012656337890625,-0.021093896484375,0.004218779296875,0.004218779296875,0.0,0.0,0.0,0.01591412109375,0.0,0.0,0.0,0.0,0.0,0.0,0.0,0.0,0.0,0.0,0.0,0.0,0.0,0.0,0.0,0.0,0.0,0.0,0.0,0.0,0.0,0.0,0.0,0.0,0.0,0.0
1.121028965,0.0,-3.490658504023969e-05,-1.7453292518787578e-05,-3.490658504023969e-05,-5.235987755902727e-05,-8.726646260726056e-06,8.881784197001252e-16,1.7453292519675756e-05,1.7453292514346685e-05,0.0,0.0,0.0,0.0,0.0,0.0,0.0,0.0,0.0,0.0,0.0,0.0,0.0,0.0,0.0,0.0,-0.029531455078125,0.00843755859375,0.004218779296875,0.004218779296875,0.0,0.0,0.0,0.0119355908203125,0.0,0.0,0.0,0.0,0.0,0.0,0.0,0.0,0.0,0.0,0.0,0.0,0.0,0.0,0.0,0.0,0.0,0.0,0.0,0.0,0.0,0.0,0.0,0.0,0.0,0.0
1.131046856,0.0,-3.490658504023969e-05,-1.7453292518787578e-05,-3.490658504023969e-05,-5.235987755902727e-05,-8.726646260726056e-06,8.881784197001252e-16,1.7453292519675756e-05,1.7453292514346685e-05,0.0,0.0,0.0,0.0,0.0,0.0,0.0,0.0,0.0,0.0,0.0,0.0,0.0,0.0,0.0,0.0,0.00843755859375,0.0,0.0,0.004218779296875,0.0,0.00843755859375,0.0,0.0119355908203125,0.0,0.0,0.0,0.0,0.0,0.0,0.0,0.0,0.0,0.0,0.0,0.0,0.0,0.0,0.0,0.0,0.0,0.0,0.0,0.0,0.0,0.0,0.0,0.0,0.0,0.0
1.141025258,0.0,-3.490658504023969e-05,-1.7453292518787578e-05,-3.490658504023969e-05,-5.235987755902727e-05,-8.726646260726056e-06,8.881784197001252e-16,1.7453292519675756e-05,1.7453292514346685e-05,0.0,0.0,0.0,0.0,0.0,0.0,0.0,0.0,0.0,0.0,0.0,0.0,0.0,0.0,0.0,0.0,0.012656337890625,0.00843755859375,0.004218779296875,0.004218779296875,0.0,0.0,0.0,0.0119355908203125,0.0,0.0,0.0,0.0,0.0,0.0,0.0,0.0,0.0,0.0,0.0,0.0,0.0,0.0,0.0,0.0,0.0,0.0,0.0,0.0,0.0,0.0,0.0,0.0,0.0,0.0
1.1511686570000002,0.0,-3.490658504023969e-05,-1.7453292518787578e-05,-3.490658504023969e-05,-5.235987755902727e-05,-8.726646260726056e-06,8.881784197001252e-16,1.7453292519675756e-05,1.7453292514346685e-05,0.0,0.0,0.0,0.0,0.0,0.0,0.0,0.0,0.0,0.0,0.0,0.0,0.0,0.0,0.0,0.0,0.012656337890625,0.004218779296875,0.0,0.0,0.0,0.0,0.0,0.0119355908203125,0.0,0.0,0.0,0.0,0.0,0.0,0.0,0.0,0.0,0.0,0.0,0.0,0.0,0.0,0.0,0.0,0.0,0.0,0.0,0.0,0.0,0.0,0.0,0.0,0.0,0.0
1.160977485,0.0,-3.490658504023969e-05,-1.7453292518787578e-05,-3.490658504023969e-05,-5.235987755902727e-05,-8.726646260726056e-06,8.881784197001252e-16,1.7453292519675756e-05,1.7453292514346685e-05,0.0,0.0,0.0,0.0,0.0,0.0,0.0,0.0,0.0,0.0,0.0,0.0,0.0,0.0,0.0,0.0,0.012656337890625,0.00843755859375,0.004218779296875,0.00843755859375,0.00843755859375,0.00843755859375,0.0,0.01591412109375,0.0,0.0,0.0,0.0,0.0,0.0,0.0,0.0,0.0,0.0,0.0,0.0,0.0,0.0,0.0,0.0,0.0,0.0,0.0,0.0,0.0,0.0,0.0,0.0,0.0,0.0
1.17106581,0.0,-3.490658504023969e-05,-1.7453292518787578e-05,-3.490658504023969e-05,-5.235987755902727e-05,-8.726646260726056e-06,8.881784197001252e-16,1.7453292519675756e-05,1.7453292514346685e-05,0.0,0.0,0.0,0.0,0.0,0.0,0.0,0.0,0.0,0.0,0.0,0.0,0.0,0.0,0.0,0.0,0.012656337890625,0.012656337890625,0.004218779296875,0.012656337890625,0.00843755859375,0.00843755859375,0.0039785302734375,0.0119355908203125,0.0,0.0,0.0,0.0,0.0,0.0,0.0,0.0,0.0,0.0,0.0,0.0,0.0,0.0,0.0,0.0,0.0,0.0,0.0,0.0,0.0,0.0,0.0,0.0,0.0,0.0
1.181013459,0.0,-3.490658504023969e-05,-1.7453292518787578e-05,-3.490658504023969e-05,-5.235987755902727e-05,-8.726646260726056e-06,8.881784197001252e-16,1.7453292519675756e-05,1.7453292514346685e-05,0.0,0.0,0.0,0.0,0.0,0.0,0.0,0.0,0.0,0.0,0.0,0.0,0.0,0.0,0.0,0.0,0.00843755859375,0.00843755859375,0.004218779296875,0.004218779296875,-0.00843755859375,0.00843755859375,0.0,0.01591412109375,0.0,0.0,0.0,0.0,0.0,0.0,0.0,0.0,0.0,0.0,0.0,0.0,0.0,0.0,0.0,0.0,0.0,0.0,0.0,0.0,0.0,0.0,0.0,0.0,0.0,0.0
1.1911315450000002,0.0,-3.490658504023969e-05,-1.7453292518787578e-05,-3.490658504023969e-05,-5.235987755902727e-05,-8.726646260726056e-06,8.881784197001252e-16,1.7453292519675756e-05,1.7453292514346685e-05,0.0,0.0,0.0,0.0,0.0,0.0,0.0,0.0,0.0,0.0,0.0,0.0,0.0,0.0,0.0,0.0,0.004218779296875,0.004218779296875,0.004218779296875,0.004218779296875,0.0,0.0,0.0039785302734375,0.01591412109375,0.0,0.0,0.0,0.0,0.0,0.0,0.0,0.0,0.0,0.0,0.0,0.0,0.0,0.0,0.0,0.0,0.0,0.0,0.0,0.0,0.0,0.0,0.0,0.0,0.0,0.0
1.202053881,0.0,-3.490658504023969e-05,-1.7453292518787578e-05,-3.490658504023969e-05,-5.235987755902727e-05,-8.726646260726056e-06,8.881784197001252e-16,1.7453292519675756e-05,1.7453292514346685e-05,0.0,0.0,0.0,0.0,0.0,0.0,0.0,0.0,0.0,0.0,0.0,0.0,0.0,0.0,0.0,0.0,0.00843755859375,0.0,0.004218779296875,0.004218779296875,0.0,0.0,0.0,0.0119355908203125,0.0,0.0,0.0,0.0,0.0,0.0,0.0,0.0,0.0,0.0,0.0,0.0,0.0,0.0,0.0,0.0,0.0,0.0,0.0,0.0,0.0,0.0,0.0,0.0,0.0,0.0
1.2112701780000001,0.0,-3.490658504023969e-05,-1.7453292518787578e-05,-3.490658504023969e-05,-5.235987755902727e-05,-8.726646260726056e-06,8.881784197001252e-16,1.7453292519675756e-05,1.7453292514346685e-05,0.0,0.0,0.0,0.0,0.0,0.0,0.0,0.0,0.0,0.0,0.0,0.0,0.0,0.0,0.0,0.0,0.00843755859375,0.0,0.0,0.004218779296875,0.0,0.00843755859375,0.0,0.0119355908203125,0.0,0.0,0.0,0.0,0.0,0.0,0.0,0.0,0.0,0.0,0.0,0.0,0.0,0.0,0.0,0.0,0.0,0.0,0.0,0.0,0.0,0.0,0.0,0.0,0.0,0.0
1.221148288,0.0,-3.490658504023969e-05,-1.7453292518787578e-05,-3.490658504023969e-05,-5.235987755902727e-05,-8.726646260726056e-06,8.881784197001252e-16,1.7453292519675756e-05,1.7453292514346685e-05,0.0,0.0,0.0,0.0,0.0,0.0,0.0,0.0,0.0,0.0,0.0,0.0,0.0,0.0,0.0,0.0,0.012656337890625,0.00843755859375,0.004218779296875,0.004218779296875,0.0,0.0,0.0,0.0119355908203125,0.0,0.0,0.0,0.0,0.0,0.0,0.0,0.0,0.0,0.0,0.0,0.0,0.0,0.0,0.0,0.0,0.0,0.0,0.0,0.0,0.0,0.0,0.0,0.0,0.0,0.0
1.231285095,0.0,-3.490658504023969e-05,-1.7453292518787578e-05,-3.490658504023969e-05,-5.235987755902727e-05,-8.726646260726056e-06,8.881784197001252e-16,1.7453292519675756e-05,1.7453292514346685e-05,0.0,0.0,0.0,0.0,0.0,0.0,0.0,0.0,0.0,0.0,0.0,0.0,0.0,0.0,0.0,0.0,0.00843755859375,0.004218779296875,0.004218779296875,0.004218779296875,-0.00843755859375,0.0,0.0,0.01591412109375,0.0,0.0,0.0,0.0,0.0,0.0,0.0,0.0,0.0,0.0,0.0,0.0,0.0,0.0,0.0,0.0,0.0,0.0,0.0,0.0,0.0,0.0,0.0,0.0,0.0,0.0
1.241190054,0.0,-3.490658504023969e-05,-1.7453292518787578e-05,-3.490658504023969e-05,-5.235987755902727e-05,-8.726646260726056e-06,8.881784197001252e-16,1.7453292519675756e-05,1.7453292514346685e-05,0.0,0.0,0.0,0.0,0.0,0.0,0.0,0.0,0.0,0.0,0.0,0.0,0.0,0.0,0.0,0.0,0.00843755859375,0.012656337890625,0.004218779296875,0.004218779296875,-0.00843755859375,0.0,0.0,0.01591412109375,0.0,0.0,0.0,0.0,0.0,0.0,0.0,0.0,0.0,0.0,0.0,0.0,0.0,0.0,0.0,0.0,0.0,0.0,0.0,0.0,0.0,0.0,0.0,0.0,0.0,0.0
1.251251915,0.0,-3.490658504023969e-05,-1.7453292518787578e-05,-3.490658504023969e-05,-5.235987755902727e-05,-8.726646260726056e-06,8.881784197001252e-16,1.7453292519675756e-05,1.7453292514346685e-05,0.0,0.0,0.0,0.0,0.0,0.0,0.0,0.0,0.0,0.0,0.0,0.0,0.0,0.0,0.0,0.0,0.0168751171875,0.004218779296875,0.0,0.0168751171875,0.0,0.0,0.0,0.0119355908203125,0.0,0.0,0.0,0.0,0.0,0.0,0.0,0.0,0.0,0.0,0.0,0.0,0.0,0.0,0.0,0.0,0.0,0.0,0.0,0.0,0.0,0.0,0.0,0.0,0.0,0.0
1.261071367,0.0,-3.490658504023969e-05,-1.7453292518787578e-05,-3.490658504023969e-05,-5.235987755902727e-05,-8.726646260726056e-06,8.881784197001252e-16,1.7453292519675756e-05,1.7453292514346685e-05,0.0,0.0,0.0,0.0,0.0,0.0,0.0,0.0,0.0,0.0,0.0,0.0,0.0,0.0,0.0,0.0,0.0168751171875,0.004218779296875,0.0,0.004218779296875,0.0,0.0,-0.0039785302734375,0.0119355908203125,0.0,0.0,0.0,0.0,0.0,0.0,0.0,0.0,0.0,0.0,0.0,0.0,0.0,0.0,0.0,0.0,0.0,0.0,0.0,0.0,0.0,0.0,0.0,0.0,0.0,0.0
1.271111179,0.0,-3.490658504023969e-05,-1.7453292518787578e-05,-3.490658504023969e-05,-5.235987755902727e-05,-8.726646260726056e-06,8.881784197001252e-16,1.7453292519675756e-05,1.7453292514346685e-05,0.0,0.0,0.0,0.0,0.0,0.0,0.0,0.0,0.0,0.0,0.0,0.0,0.0,0.0,0.0,0.0,0.012656337890625,0.00843755859375,0.0,0.004218779296875,0.0,0.0,0.0,0.01591412109375,0.0,0.0,0.0,0.0,0.0,0.0,0.0,0.0,0.0,0.0,0.0,0.0,0.0,0.0,0.0,0.0,0.0,0.0,0.0,0.0,0.0,0.0,0.0,0.0,0.0,0.0
1.2810841720000001,0.0,-3.490658504023969e-05,-1.7453292518787578e-05,-3.490658504023969e-05,-5.235987755902727e-05,-8.726646260726056e-06,8.881784197001252e-16,1.7453292519675756e-05,1.7453292514346685e-05,0.0,0.0,0.0,0.0,0.0,0.0,0.0,0.0,0.0,0.0,0.0,0.0,0.0,0.0,0.0,0.0,0.012656337890625,0.00843755859375,0.004218779296875,0.004218779296875,0.0,0.0,0.0,0.0119355908203125,0.0,0.0,0.0,0.0,0.0,0.0,0.0,0.0,0.0,0.0,0.0,0.0,0.0,0.0,0.0,0.0,0.0,0.0,0.0,0.0,0.0,0.0,0.0,0.0,0.0,0.0
1.29119381,0.0,-3.490658504023969e-05,-1.7453292518787578e-05,-3.490658504023969e-05,-5.235987755902727e-05,-8.726646260726056e-06,8.881784197001252e-16,1.7453292519675756e-05,1.7453292514346685e-05,0.0,0.0,0.0,0.0,0.0,0.0,0.0,0.0,0.0,0.0,0.0,0.0,0.0,0.0,0.0,0.0,0.0168751171875,0.0,0.0,0.004218779296875,-0.00843755859375,0.00843755859375,0.0,0.0119355908203125,0.0,0.0,0.0,0.0,0.0,0.0,0.0,0.0,0.0,0.0,0.0,0.0,0.0,0.0,0.0,0.0,0.0,0.0,0.0,0.0,0.0,0.0,0.0,0.0,0.0,0.0
1.3010698410000001,0.0,-3.490658504023969e-05,-1.7453292518787578e-05,-3.490658504023969e-05,-5.235987755902727e-05,-8.726646260726056e-06,8.881784197001252e-16,1.7453292519675756e-05,1.7453292514346685e-05,0.0,0.0,0.0,0.0,0.0,0.0,0.0,0.0,0.0,0.0,0.0,0.0,0.0,0.0,0.0,0.0,0.0168751171875,0.00843755859375,0.0,0.004218779296875,0.0,0.0,0.0039785302734375,0.01591412109375,0.0,0.0,0.0,0.0,0.0,0.0,0.0,0.0,0.0,0.0,0.0,0.0,0.0,0.0,0.0,0.0,0.0,0.0,0.0,0.0,0.0,0.0,0.0,0.0,0.0,0.0
1.311301626,0.0,-3.490658504023969e-05,-1.7453292518787578e-05,-3.490658504023969e-05,-5.235987755902727e-05,-8.726646260726056e-06,8.881784197001252e-16,1.7453292519675756e-05,1.7453292514346685e-05,0.0,0.0,0.0,0.0,0.0,0.0,0.0,0.0,0.0,0.0,0.0,0.0,0.0,0.0,0.0,0.0,0.012656337890625,0.00843755859375,0.00843755859375,0.0,0.0,0.0,0.0,0.01591412109375,0.0,0.0,0.0,0.0,0.0,0.0,0.0,0.0,0.0,0.0,0.0,0.0,0.0,0.0,0.0,0.0,0.0,0.0,0.0,0.0,0.0,0.0,0.0,0.0,0.0,0.0
1.3209933310000002,0.0,-3.490658504023969e-05,-1.7453292518787578e-05,-3.490658504023969e-05,-5.235987755902727e-05,-8.726646260726056e-06,8.881784197001252e-16,1.7453292519675756e-05,1.7453292514346685e-05,0.0,0.0,0.0,0.0,0.0,0.0,0.0,0.0,0.0,0.0,0.0,0.0,0.0,0.0,0.0,0.0,0.0168751171875,0.0,0.0,0.0,0.0,0.0,0.0,0.01591412109375,0.0,0.0,0.0,0.0,0.0,0.0,0.0,0.0,0.0,0.0,0.0,0.0,0.0,0.0,0.0,0.0,0.0,0.0,0.0,0.0,0.0,0.0,0.0,0.0,0.0,0.0
1.331119929,0.0,-3.490658504023969e-05,-1.7453292518787578e-05,-3.490658504023969e-05,-5.235987755902727e-05,-8.726646260726056e-06,8.881784197001252e-16,1.7453292519675756e-05,1.7453292514346685e-05,0.0,0.0,0.0,0.0,0.0,0.0,0.0,0.0,0.0,0.0,0.0,0.0,0.0,0.0,0.0,0.0,0.012656337890625,0.00843755859375,0.004218779296875,0.004218779296875,0.0,0.0,0.0,0.01591412109375,0.0,0.0,0.0,0.0,0.0,0.0,0.0,0.0,0.0,0.0,0.0,0.0,0.0,0.0,0.0,0.0,0.0,0.0,0.0,0.0,0.0,0.0,0.0,0.0,0.0,0.0
1.3409885990000001,0.0,-3.490658504023969e-05,-1.7453292518787578e-05,-3.490658504023969e-05,-5.235987755902727e-05,-8.726646260726056e-06,8.881784197001252e-16,1.7453292519675756e-05,1.7453292514346685e-05,0.0,0.0,0.0,0.0,0.0,0.0,0.0,0.0,0.0,0.0,0.0,0.0,0.0,0.0,0.0,0.0,0.0168751171875,0.004218779296875,0.004218779296875,0.004218779296875,0.0,0.0,0.0,0.01591412109375,0.0,0.0,0.0,0.0,0.0,0.0,0.0,0.0,0.0,0.0,0.0,0.0,0.0,0.0,0.0,0.0,0.0,0.0,0.0,0.0,0.0,0.0,0.0,0.0,0.0,0.0
1.3512870430000001,0.0,-3.490658504023969e-05,-1.7453292518787578e-05,-3.490658504023969e-05,-5.235987755902727e-05,-8.726646260726056e-06,8.881784197001252e-16,1.7453292519675756e-05,1.7453292514346685e-05,0.0,0.0,0.0,0.0,0.0,0.0,0.0,0.0,0.0,0.0,0.0,0.0,0.0,0.0,0.0,0.0,0.012656337890625,0.004218779296875,0.0,-0.004218779296875,0.0,0.0,0.0039785302734375,0.007957060546875,0.0,0.0,0.0,0.0,0.0,0.0,0.0,0.0,0.0,0.0,0.0,0.0,0.0,0.0,0.0,0.0,0.0,0.0,0.0,0.0,0.0,0.0,0.0,0.0,0.0,0.0
1.3610068130000001,0.0,-3.490658504023969e-05,-1.7453292518787578e-05,-3.490658504023969e-05,-5.235987755902727e-05,-8.726646260726056e-06,8.881784197001252e-16,1.7453292519675756e-05,1.7453292514346685e-05,0.0,0.0,0.0,0.0,0.0,0.0,0.0,0.0,0.0,0.0,0.0,0.0,0.0,0.0,0.0,0.0,0.0168751171875,0.012656337890625,0.004218779296875,0.004218779296875,0.0,0.00843755859375,0.0,0.01591412109375,0.0,0.0,0.0,0.0,0.0,0.0,0.0,0.0,0.0,0.0,0.0,0.0,0.0,0.0,0.0,0.0,0.0,0.0,0.0,0.0,0.0,0.0,0.0,0.0,0.0,0.0
1.371131075,0.0,-3.490658504023969e-05,-1.7453292518787578e-05,-3.490658504023969e-05,-5.235987755902727e-05,-8.726646260726056e-06,8.881784197001252e-16,1.7453292519675756e-05,1.7453292514346685e-05,0.0,0.0,0.0,0.0,0.0,0.0,0.0,0.0,0.0,0.0,0.0,0.0,0.0,0.0,0.0,0.0,0.021093896484375,0.004218779296875,0.0,0.004218779296875,0.0,0.0168751171875,0.0,0.0198926513671875,0.0,0.0,0.0,0.0,0.0,0.0,0.0,0.0,0.0,0.0,0.0,0.0,0.0,0.0,0.0,0.0,0.0,0.0,0.0,0.0,0.0,0.0,0.0,0.0,0.0,0.0
1.3808731490000001,0.0,-3.490658504023969e-05,-1.7453292518787578e-05,-3.490658504023969e-05,-5.235987755902727e-05,-8.726646260726056e-06,8.881784197001252e-16,1.7453292519675756e-05,1.7453292514346685e-05,0.0,0.0,0.0,0.0,0.0,0.0,0.0,0.0,0.0,0.0,0.0,0.0,0.0,0.0,0.0,0.0,0.0168751171875,0.0168751171875,0.0,0.0,0.0,0.0,0.0039785302734375,0.007957060546875,0.0,0.0,0.0,0.0,0.0,0.0,0.0,0.0,0.0,0.0,0.0,0.0,0.0,0.0,0.0,0.0,0.0,0.0,0.0,0.0,0.0,0.0,0.0,0.0,0.0,0.0
1.3909981470000001,0.0,-3.490658504023969e-05,-1.7453292518787578e-05,-3.490658504023969e-05,-5.235987755902727e-05,-8.726646260726056e-06,8.881784197001252e-16,1.7453292519675756e-05,1.7453292514346685e-05,0.0,0.0,0.0,0.0,0.0,0.0,0.0,0.0,0.0,0.0,0.0,0.0,0.0,0.0,0.0,0.0,0.0168751171875,0.004218779296875,0.004218779296875,-0.004218779296875,0.0,0.0,-0.0039785302734375,0.0198926513671875,0.0,0.0,0.0,0.0,0.0,0.0,0.0,0.0,0.0,0.0,0.0,0.0,0.0,0.0,0.0,0.0,0.0,0.0,0.0,0.0,0.0,0.0,0.0,0.0,0.0,0.0
1.4010626320000001,0.0,-3.490658504023969e-05,-1.7453292518787578e-05,-3.490658504023969e-05,-5.235987755902727e-05,-8.726646260726056e-06,8.881784197001252e-16,1.7453292519675756e-05,1.7453292514346685e-05,0.0,0.0,0.0,0.0,0.0,0.0,0.0,0.0,0.0,0.0,0.0,0.0,0.0,0.0,0.0,0.0,0.012656337890625,0.012656337890625,0.004218779296875,0.0,-0.00843755859375,0.0,0.0,0.01591412109375,0.0,0.0,0.0,0.0,0.0,0.0,0.0,0.0,0.0,0.0,0.0,0.0,0.0,0.0,0.0,0.0,0.0,0.0,0.0,0.0,0.0,0.0,0.0,0.0,0.0,0.0
1.411020809,0.0,-3.490658504023969e-05,-1.7453292518787578e-05,-3.490658504023969e-05,-5.235987755902727e-05,-8.726646260726056e-06,8.881784197001252e-16,1.7453292519675756e-05,1.7453292514346685e-05,0.0,0.0,0.0,0.0,0.0,0.0,0.0,0.0,0.0,0.0,0.0,0.0,0.0,0.0,0.0,0.0,-0.004218779296875,0.012656337890625,0.0,0.004218779296875,0.0,-0.0168751171875,0.0,0.0,0.0,0.0,0.0,0.0,0.0,0.0,0.0,0.0,0.0,0.0,0.0,0.0,0.0,0.0,0.0,0.0,0.0,0.0,0.0,0.0,0.0,0.0,0.0,0.0,0.0,0.0
1.420935432,0.0,-3.490658504023969e-05,-1.7453292518787578e-05,-3.490658504023969e-05,-5.235987755902727e-05,-8.726646260726056e-06,8.881784197001252e-16,1.7453292519675756e-05,1.7453292514346685e-05,0.0,0.0,0.0,0.0,0.0,0.0,0.0,0.0,0.0,0.0,0.0,0.0,0.0,0.0,0.0,0.0,0.0168751171875,0.004218779296875,0.0,-0.00843755859375,0.0,0.0,0.0,0.0119355908203125,0.0,0.0,0.0,0.0,0.0,0.0,0.0,0.0,0.0,0.0,0.0,0.0,0.0,0.0,0.0,0.0,0.0,0.0,0.0,0.0,0.0,0.0,0.0,0.0,0.0,0.0
1.4310850080000002,0.0,-3.490658504023969e-05,-1.7453292518787578e-05,-3.490658504023969e-05,-5.235987755902727e-05,-8.726646260726056e-06,8.881784197001252e-16,1.7453292519675756e-05,1.7453292514346685e-05,0.0,0.0,0.0,0.0,0.0,0.0,0.0,0.0,0.0,0.0,0.0,0.0,0.0,0.0,0.0,0.0,0.00843755859375,0.00843755859375,0.0,0.0,0.0,0.0,0.0,0.0119355908203125,0.0,0.0,0.0,0.0,0.0,0.0,0.0,0.0,0.0,0.0,0.0,0.0,0.0,0.0,0.0,0.0,0.0,0.0,0.0,0.0,0.0,0.0,0.0,0.0,0.0,0.0
1.440961422,0.0,-3.490658504023969e-05,-1.7453292518787578e-05,-3.490658504023969e-05,-5.235987755902727e-05,-8.726646260726056e-06,8.881784197001252e-16,1.7453292519675756e-05,1.7453292514346685e-05,0.0,0.0,0.0,0.0,0.0,0.0,0.0,0.0,0.0,0.0,0.0,0.0,0.0,0.0,0.0,0.0,-0.029531455078125,-0.00843755859375,0.0,0.004218779296875,0.0,0.0,0.0,0.01591412109375,0.0,0.0,0.0,0.0,0.0,0.0,0.0,0.0,0.0,0.0,0.0,0.0,0.0,0.0,0.0,0.0,0.0,0.0,0.0,0.0,0.0,0.0,0.0,0.0,0.0,0.0
1.451141366,0.0,-3.490658504023969e-05,-1.7453292518787578e-05,-3.490658504023969e-05,-5.235987755902727e-05,-8.726646260726056e-06,8.881784197001252e-16,1.7453292519675756e-05,1.7453292514346685e-05,0.0,0.0,0.0,0.0,0.0,0.0,0.0,0.0,0.0,0.0,0.0,0.0,0.0,0.0,0.0,0.0,0.004218779296875,0.0,0.004218779296875,0.004218779296875,0.0,0.00843755859375,0.0,0.0119355908203125,0.0,0.0,0.0,0.0,0.0,0.0,0.0,0.0,0.0,0.0,0.0,0.0,0.0,0.0,0.0,0.0,0.0,0.0,0.0,0.0,0.0,0.0,0.0,0.0,0.0,0.0
1.46098802,0.0,-3.490658504023969e-05,-1.7453292518787578e-05,-3.490658504023969e-05,-5.235987755902727e-05,-8.726646260726056e-06,8.881784197001252e-16,1.7453292519675756e-05,1.7453292514346685e-05,0.0,0.0,0.0,0.0,0.0,0.0,0.0,0.0,0.0,0.0,0.0,0.0,0.0,0.0,0.0,0.0,0.004218779296875,0.004218779296875,0.0,0.004218779296875,-0.00843755859375,0.00843755859375,0.0,0.0119355908203125,0.0,0.0,0.0,0.0,0.0,0.0,0.0,0.0,0.0,0.0,0.0,0.0,0.0,0.0,0.0,0.0,0.0,0.0,0.0,0.0,0.0,0.0,0.0,0.0,0.0,0.0
1.4709918940000002,0.0,-3.490658504023969e-05,-1.7453292518787578e-05,-3.490658504023969e-05,-5.235987755902727e-05,-8.726646260726056e-06,8.881784197001252e-16,1.7453292519675756e-05,1.7453292514346685e-05,0.0,0.0,0.0,0.0,0.0,0.0,0.0,0.0,0.0,0.0,0.0,0.0,0.0,0.0,0.0,0.0,0.004218779296875,0.004218779296875,0.004218779296875,0.004218779296875,0.0,-0.0168751171875,0.0,0.0119355908203125,0.0,0.0,0.0,0.0,0.0,0.0,0.0,0.0,0.0,0.0,0.0,0.0,0.0,0.0,0.0,0.0,0.0,0.0,0.0,0.0,0.0,0.0,0.0,0.0,0.0,0.0
1.481002425,0.0,-3.490658504023969e-05,-1.7453292518787578e-05,-3.490658504023969e-05,-5.235987755902727e-05,-8.726646260726056e-06,8.881784197001252e-16,1.7453292519675756e-05,1.7453292514346685e-05,0.0,0.0,0.0,0.0,0.0,0.0,0.0,0.0,0.0,0.0,0.0,0.0,0.0,0.0,0.0,0.0,0.012656337890625,0.0,0.0,0.004218779296875,0.0,0.00843755859375,0.0,0.0119355908203125,0.0,0.0,0.0,0.0,0.0,0.0,0.0,0.0,0.0,0.0,0.0,0.0,0.0,0.0,0.0,0.0,0.0,0.0,0.0,0.0,0.0,0.0,0.0,0.0,0.0,0.0
1.491310181,0.0,-3.490658504023969e-05,-1.7453292518787578e-05,-3.490658504023969e-05,-5.235987755902727e-05,-8.726646260726056e-06,8.881784197001252e-16,1.7453292519675756e-05,1.7453292514346685e-05,0.0,0.0,0.0,0.0,0.0,0.0,0.0,0.0,0.0,0.0,0.0,0.0,0.0,0.0,0.0,0.0,0.004218779296875,0.0,0.004218779296875,0.0,-0.00843755859375,0.00843755859375,0.0,0.01591412109375,0.0,0.0,0.0,0.0,0.0,0.0,0.0,0.0,0.0,0.0,0.0,0.0,0.0,0.0,0.0,0.0,0.0,0.0,0.0,0.0,0.0,0.0,0.0,0.0,0.0,0.0
1.5010902400000001,0.0,-3.490658504023969e-05,-1.7453292518787578e-05,-3.490658504023969e-05,-5.235987755902727e-05,-8.726646260726056e-06,8.881784197001252e-16,1.7453292519675756e-05,1.7453292514346685e-05,0.0,0.0,0.0,0.0,0.0,0.0,0.0,0.0,0.0,0.0,0.0,0.0,0.0,0.0,0.0,0.0,0.012656337890625,0.004218779296875,0.004218779296875,0.00843755859375,-0.00843755859375,0.00843755859375,0.0,0.007957060546875,0.0,0.0,0.0,0.0,0.0,0.0,0.0,0.0,0.0,0.0,0.0,0.0,0.0,0.0,0.0,0.0,0.0,0.0,0.0,0.0,0.0,0.0,0.0,0.0,0.0,0.0
1.511089635,0.0,-3.490658504023969e-05,-1.7453292518787578e-05,-3.490658504023969e-05,-5.235987755902727e-05,-8.726646260726056e-06,8.881784197001252e-16,1.7453292519675756e-05,1.7453292514346685e-05,0.0,0.0,0.0,0.0,0.0,0.0,0.0,0.0,0.0,0.0,0.0,0.0,0.0,0.0,0.0,0.0,0.004218779296875,0.00843755859375,0.0,0.00843755859375,0.0,0.0,0.0,0.01591412109375,0.0,0.0,0.0,0.0,0.0,0.0,0.0,0.0,0.0,0.0,0.0,0.0,0.0,0.0,0.0,0.0,0.0,0.0,0.0,0.0,0.0,0.0,0.0,0.0,0.0,0.0
1.521071684,0.0,-3.490658504023969e-05,-1.7453292518787578e-05,-3.490658504023969e-05,-5.235987755902727e-05,-8.726646260726056e-06,8.881784197001252e-16,1.7453292519675756e-05,1.7453292514346685e-05,0.0,0.0,0.0,0.0,0.0,0.0,0.0,0.0,0.0,0.0,0.0,0.0,0.0,0.0,0.0,0.0,0.012656337890625,0.004218779296875,0.004218779296875,0.004218779296875,0.0,0.0,0.0,0.007957060546875,0.0,0.0,0.0,0.0,0.0,0.0,0.0,0.0,0.0,0.0,0.0,0.0,0.0,0.0,0.0,0.0,0.0,0.0,0.0,0.0,0.0,0.0,0.0,0.0,0.0,0.0
1.531163626,0.0,-3.490658504023969e-05,-1.7453292518787578e-05,-3.490658504023969e-05,-5.235987755902727e-05,-8.726646260726056e-06,8.881784197001252e-16,1.7453292519675756e-05,1.7453292514346685e-05,0.0,0.0,0.0,0.0,0.0,0.0,0.0,0.0,0.0,0.0,0.0,0.0,0.0,0.0,0.0,0.0,0.004218779296875,-0.004218779296875,0.004218779296875,0.004218779296875,-0.00843755859375,0.00843755859375,0.0,0.0119355908203125,0.0,0.0,0.0,0.0,0.0,0.0,0.0,0.0,0.0,0.0,0.0,0.0,0.0,0.0,0.0,0.0,0.0,0.0,0.0,0.0,0.0,0.0,0.0,0.0,0.0,0.0
1.5409654780000002,0.0,-3.490658504023969e-05,-1.7453292518787578e-05,-3.490658504023969e-05,-5.235987755902727e-05,-8.726646260726056e-06,8.881784197001252e-16,1.7453292519675756e-05,1.7453292514346685e-05,0.0,0.0,0.0,0.0,0.0,0.0,0.0,0.0,0.0,0.0,0.0,0.0,0.0,0.0,0.0,0.0,0.00843755859375,0.004218779296875,0.0,0.0,0.0,0.0,0.0,0.0119355908203125,0.0,0.0,0.0,0.0,0.0,0.0,0.0,0.0,0.0,0.0,0.0,0.0,0.0,0.0,0.0,0.0,0.0,0.0,0.0,0.0,0.0,0.0,0.0,0.0,0.0,0.0
1.551163086,0.0,-3.490658504023969e-05,-1.7453292518787578e-05,-3.490658504023969e-05,-5.235987755902727e-05,-8.726646260726056e-06,8.881784197001252e-16,1.7453292519675756e-05,1.7453292514346685e-05,0.0,0.0,0.0,0.0,0.0,0.0,0.0,0.0,0.0,0.0,0.0,0.0,0.0,0.0,0.0,0.0,0.012656337890625,0.012656337890625,0.004218779296875,0.004218779296875,0.0,0.0,0.0,0.0119355908203125,0.0,0.0,0.0,0.0,0.0,0.0,0.0,0.0,0.0,0.0,0.0,0.0,0.0,0.0,0.0,0.0,0.0,0.0,0.0,0.0,0.0,0.0,0.0,0.0,0.0,0.0
1.561282421,0.0,-3.490658504023969e-05,-1.7453292518787578e-05,-3.490658504023969e-05,-5.235987755902727e-05,-8.726646260726056e-06,8.881784197001252e-16,1.7453292519675756e-05,1.7453292514346685e-05,0.0,0.0,0.0,0.0,0.0,0.0,0.0,0.0,0.0,0.0,0.0,0.0,0.0,0.0,0.0,0.0,0.0,0.004218779296875,0.004218779296875,0.0,0.0,0.00843755859375,0.0039785302734375,0.01591412109375,0.0,0.0,0.0,0.0,0.0,0.0,0.0,0.0,0.0,0.0,0.0,0.0,0.0,0.0,0.0,0.0,0.0,0.0,0.0,0.0,0.0,0.0,0.0,0.0,0.0,0.0
1.571050319,0.0,-3.490658504023969e-05,-1.7453292518787578e-05,-3.490658504023969e-05,-5.235987755902727e-05,-8.726646260726056e-06,8.881784197001252e-16,1.7453292519675756e-05,1.7453292514346685e-05,0.0,0.0,0.0,0.0,0.0,0.0,0.0,0.0,0.0,0.0,0.0,0.0,0.0,0.0,0.0,0.0,0.00843755859375,0.00843755859375,0.0,0.004218779296875,0.0,0.0,0.0,0.01591412109375,0.0,0.0,0.0,0.0,0.0,0.0,0.0,0.0,0.0,0.0,0.0,0.0,0.0,0.0,0.0,0.0,0.0,0.0,0.0,0.0,0.0,0.0,0.0,0.0,0.0,0.0
1.5810050400000002,0.0,-3.490658504023969e-05,-1.7453292518787578e-05,-3.490658504023969e-05,-5.235987755902727e-05,-8.726646260726056e-06,8.881784197001252e-16,1.7453292519675756e-05,1.7453292514346685e-05,0.0,0.0,0.0,0.0,0.0,0.0,0.0,0.0,0.0,0.0,0.0,0.0,0.0,0.0,0.0,0.0,0.012656337890625,0.0,0.004218779296875,0.004218779296875,0.0,0.0,0.0039785302734375,0.007957060546875,0.0,0.0,0.0,0.0,0.0,0.0,0.0,0.0,0.0,0.0,0.0,0.0,0.0,0.0,0.0,0.0,0.0,0.0,0.0,0.0,0.0,0.0,0.0,0.0,0.0,0.0
1.591176632,0.0,-3.490658504023969e-05,-1.7453292518787578e-05,-3.490658504023969e-05,-5.235987755902727e-05,-8.726646260726056e-06,8.881784197001252e-16,1.7453292519675756e-05,1.7453292514346685e-05,0.0,0.0,0.0,0.0,0.0,0.0,0.0,0.0,0.0,0.0,0.0,0.0,0.0,0.0,0.0,0.0,0.012656337890625,0.004218779296875,0.0,0.0,0.0,0.0,0.0,0.0198926513671875,0.0,0.0,0.0,0.0,0.0,0.0,0.0,0.0,0.0,0.0,0.0,0.0,0.0,0.0,0.0,0.0,0.0,0.0,0.0,0.0,0.0,0.0,0.0,0.0,0.0,0.0
1.601113977,0.0,-3.490658504023969e-05,-1.7453292518787578e-05,-3.490658504023969e-05,-5.235987755902727e-05,-8.726646260726056e-06,8.881784197001252e-16,1.7453292519675756e-05,1.7453292514346685e-05,0.0,0.0,0.0,0.0,0.0,0.0,0.0,0.0,0.0,0.0,0.0,0.0,0.0,0.0,0.0,0.0,0.012656337890625,0.012656337890625,0.004218779296875,-0.004218779296875,0.0,0.00843755859375,0.0,0.007957060546875,0.0,0.0,0.0,0.0,0.0,0.0,0.0,0.0,0.0,0.0,0.0,0.0,0.0,0.0,0.0,0.0,0.0,0.0,0.0,0.0,0.0,0.0,0.0,0.0,0.0,0.0
1.611173309,0.0,-3.490658504023969e-05,-1.7453292518787578e-05,-3.490658504023969e-05,-5.235987755902727e-05,-8.726646260726056e-06,8.881784197001252e-16,1.7453292519675756e-05,1.7453292514346685e-05,0.0,0.0,0.0,0.0,0.0,0.0,0.0,0.0,0.0,0.0,0.0,0.0,0.0,0.0,0.0,0.0,0.012656337890625,0.012656337890625,0.004218779296875,0.004218779296875,0.0,0.00843755859375,0.0039785302734375,0.0119355908203125,0.0,0.0,0.0,0.0,0.0,0.0,0.0,0.0,0.0,0.0,0.0,0.0,0.0,0.0,0.0,0.0,0.0,0.0,0.0,0.0,0.0,0.0,0.0,0.0,0.0,0.0
1.621065148,0.0,-3.490658504023969e-05,-1.7453292518787578e-05,-3.490658504023969e-05,-5.235987755902727e-05,-8.726646260726056e-06,8.881784197001252e-16,1.7453292519675756e-05,1.7453292514346685e-05,0.0,0.0,0.0,0.0,0.0,0.0,0.0,0.0,0.0,0.0,0.0,0.0,0.0,0.0,0.0,0.0,0.00843755859375,0.0,0.004218779296875,0.0,0.0,-0.00843755859375,0.0,0.0119355908203125,0.0,0.0,0.0,0.0,0.0,0.0,0.0,0.0,0.0,0.0,0.0,0.0,0.0,0.0,0.0,0.0,0.0,0.0,0.0,0.0,0.0,0.0,0.0,0.0,0.0,0.0
1.6310869110000001,0.0,-3.490658504023969e-05,-1.7453292518787578e-05,-3.490658504023969e-05,-5.235987755902727e-05,-8.726646260726056e-06,8.881784197001252e-16,1.7453292519675756e-05,1.7453292514346685e-05,0.0,0.0,0.0,0.0,0.0,0.0,0.0,0.0,0.0,0.0,0.0,0.0,0.0,0.0,0.0,0.0,0.004218779296875,0.012656337890625,0.0,0.0,0.0,0.0,0.0,0.0119355908203125,0.0,0.0,0.0,0.0,0.0,0.0,0.0,0.0,0.0,0.0,0.0,0.0,0.0,0.0,0.0,0.0,0.0,0.0,0.0,0.0,0.0,0.0,0.0,0.0,0.0,0.0
1.6411694440000002,0.0,-3.490658504023969e-05,-1.7453292518787578e-05,-3.490658504023969e-05,-5.235987755902727e-05,-8.726646260726056e-06,8.881784197001252e-16,1.7453292519675756e-05,1.7453292514346685e-05,0.0,0.0,0.0,0.0,0.0,0.0,0.0,0.0,0.0,0.0,0.0,0.0,0.0,0.0,0.0,0.0,0.012656337890625,0.004218779296875,0.004218779296875,0.0,0.0,0.0,0.0,0.01591412109375,0.0,0.0,0.0,0.0,0.0,0.0,0.0,0.0,0.0,0.0,0.0,0.0,0.0,0.0,0.0,0.0,0.0,0.0,0.0,0.0,0.0,0.0,0.0,0.0,0.0,0.0
1.651026785,0.0,-3.490658504023969e-05,-1.7453292518787578e-05,-3.490658504023969e-05,-5.235987755902727e-05,-8.726646260726056e-06,8.881784197001252e-16,1.7453292519675756e-05,1.7453292514346685e-05,0.0,0.0,0.0,0.0,0.0,0.0,0.0,0.0,0.0,0.0,0.0,0.0,0.0,0.0,0.0,0.0,0.0168751171875,0.0168751171875,0.004218779296875,0.004218779296875,-0.00843755859375,-0.02531267578125,0.0,0.01591412109375,0.0,0.0,0.0,0.0,0.0,0.0,0.0,0.0,0.0,0.0,0.0,0.0,0.0,0.0,0.0,0.0,0.0,0.0,0.0,0.0,0.0,0.0,0.0,0.0,0.0,0.0
1.661013507,0.0,-3.490658504023969e-05,-1.7453292518787578e-05,-3.490658504023969e-05,-5.235987755902727e-05,-8.726646260726056e-06,8.881784197001252e-16,1.7453292519675756e-05,1.7453292514346685e-05,0.0,0.0,0.0,0.0,0.0,0.0,0.0,0.0,0.0,0.0,0.0,0.0,0.0,0.0,0.0,0.0,0.0168751171875,0.00843755859375,0.004218779296875,0.004218779296875,0.00843755859375,-0.02531267578125,0.0039785302734375,0.0119355908203125,0.0,0.0,0.0,0.0,0.0,0.0,0.0,0.0,0.0,0.0,0.0,0.0,0.0,0.0,0.0,0.0,0.0,0.0,0.0,0.0,0.0,0.0,0.0,0.0,0.0,0.0
1.671088072,0.0,-3.490658504023969e-05,-1.7453292518787578e-05,-3.490658504023969e-05,-5.235987755902727e-05,-8.726646260726056e-06,8.881784197001252e-16,1.7453292519675756e-05,1.7453292514346685e-05,0.0,0.0,0.0,0.0,0.0,0.0,0.0,0.0,0.0,0.0,0.0,0.0,0.0,0.0,0.0,0.0,0.012656337890625,0.012656337890625,0.004218779296875,-0.00843755859375,0.0,-0.00843755859375,0.0039785302734375,0.0119355908203125,0.0,0.0,0.0,0.0,0.0,0.0,0.0,0.0,0.0,0.0,0.0,0.0,0.0,0.0,0.0,0.0,0.0,0.0,0.0,0.0,0.0,0.0,0.0,0.0,0.0,0.0
1.680963911,0.0,-3.490658504023969e-05,-1.7453292518787578e-05,-3.490658504023969e-05,-5.235987755902727e-05,-8.726646260726056e-06,8.881784197001252e-16,1.7453292519675756e-05,1.7453292514346685e-05,0.0,0.0,0.0,0.0,0.0,0.0,0.0,0.0,0.0,0.0,0.0,0.0,0.0,0.0,0.0,0.0,0.0168751171875,0.00843755859375,0.0,0.004218779296875,0.0,0.0,0.0,0.0119355908203125,0.0,0.0,0.0,0.0,0.0,0.0,0.0,0.0,0.0,0.0,0.0,0.0,0.0,0.0,0.0,0.0,0.0,0.0,0.0,0.0,0.0,0.0,0.0,0.0,0.0,0.0
1.6911078220000002,0.0,-3.490658504023969e-05,-1.7453292518787578e-05,-3.490658504023969e-05,-5.235987755902727e-05,-8.726646260726056e-06,8.881784197001252e-16,1.7453292519675756e-05,1.7453292514346685e-05,0.0,0.0,0.0,0.0,0.0,0.0,0.0,0.0,0.0,0.0,0.0,0.0,0.0,0.0,0.0,0.0,0.012656337890625,0.012656337890625,0.004218779296875,0.0,0.0,0.0,-0.0039785302734375,0.0119355908203125,0.0,0.0,0.0,0.0,0.0,0.0,0.0,0.0,0.0,0.0,0.0,0.0,0.0,0.0,0.0,0.0,0.0,0.0,0.0,0.0,0.0,0.0,0.0,0.0,0.0,0.0
1.7009101850000001,0.0,-3.490658504023969e-05,-1.7453292518787578e-05,-3.490658504023969e-05,-5.235987755902727e-05,-8.726646260726056e-06,8.881784197001252e-16,1.7453292519675756e-05,1.7453292514346685e-05,0.0,0.0,0.0,0.0,0.0,0.0,0.0,0.0,0.0,0.0,0.0,0.0,0.0,0.0,0.0,0.0,0.012656337890625,0.012656337890625,0.004218779296875,0.0,0.0,0.0,0.0,0.0039785302734375,0.0,0.0,0.0,0.0,0.0,0.0,0.0,0.0,0.0,0.0,0.0,0.0,0.0,0.0,0.0,0.0,0.0,0.0,0.0,0.0,0.0,0.0,0.0,0.0,0.0,0.0
1.7111221950000002,0.0,-3.490658504023969e-05,-1.7453292518787578e-05,-3.490658504023969e-05,-5.235987755902727e-05,-8.726646260726056e-06,8.881784197001252e-16,1.7453292519675756e-05,1.7453292514346685e-05,0.0,0.0,0.0,0.0,0.0,0.0,0.0,0.0,0.0,0.0,0.0,0.0,0.0,0.0,0.0,0.0,-0.00843755859375,0.0168751171875,0.004218779296875,0.004218779296875,0.0,0.0,0.0,0.01591412109375,0.0,0.0,0.0,0.0,0.0,0.0,0.0,0.0,0.0,0.0,0.0,0.0,0.0,0.0,0.0,0.0,0.0,0.0,0.0,0.0,0.0,0.0,0.0,0.0,0.0,0.0
1.721002705,0.0,-3.490658504023969e-05,-1.7453292518787578e-05,-3.490658504023969e-05,-5.235987755902727e-05,-8.726646260726056e-06,8.881784197001252e-16,1.7453292519675756e-05,1.7453292514346685e-05,0.0,0.0,0.0,0.0,0.0,0.0,0.0,0.0,0.0,0.0,0.0,0.0,0.0,0.0,0.0,0.0,0.021093896484375,0.0168751171875,0.0,0.004218779296875,0.0,0.0,0.0,0.01591412109375,0.0,0.0,0.0,0.0,0.0,0.0,0.0,0.0,0.0,0.0,0.0,0.0,0.0,0.0,0.0,0.0,0.0,0.0,0.0,0.0,0.0,0.0,0.0,0.0,0.0,0.0
1.7310215560000002,0.0,-3.490658504023969e-05,-1.7453292518787578e-05,-3.490658504023969e-05,-5.235987755902727e-05,-8.726646260726056e-06,8.881784197001252e-16,1.7453292519675756e-05,1.7453292514346685e-05,0.0,0.0,0.0,0.0,0.0,0.0,0.0,0.0,0.0,0.0,0.0,0.0,0.0,0.0,0.0,0.0,0.004218779296875,-0.037969013671875,0.004218779296875,0.004218779296875,0.0,0.0,0.0,0.007957060546875,0.0,0.0,0.0,0.0,0.0,0.0,0.0,0.0,0.0,0.0,0.0,0.0,0.0,0.0,0.0,0.0,0.0,0.0,0.0,0.0,0.0,0.0,0.0,0.0,0.0,0.0
1.7410674800000001,0.0,-3.490658504023969e-05,-1.7453292518787578e-05,-3.490658504023969e-05,-5.235987755902727e-05,-8.726646260726056e-06,8.881784197001252e-16,1.7453292519675756e-05,1.7453292514346685e-05,0.0,0.0,0.0,0.0,0.0,0.0,0.0,0.0,0.0,0.0,0.0,0.0,0.0,0.0,0.0,0.0,0.012656337890625,0.004218779296875,0.004218779296875,0.004218779296875,0.0,0.0,0.0,0.01591412109375,0.0,0.0,0.0,0.0,0.0,0.0,0.0,0.0,0.0,0.0,0.0,0.0,0.0,0.0,0.0,0.0,0.0,0.0,0.0,0.0,0.0,0.0,0.0,0.0,0.0,0.0
1.751220959,0.0,-3.490658504023969e-05,-1.7453292518787578e-05,-3.490658504023969e-05,-5.235987755902727e-05,-8.726646260726056e-06,8.881784197001252e-16,1.7453292519675756e-05,1.7453292514346685e-05,0.0,0.0,0.0,0.0,0.0,0.0,0.0,0.0,0.0,0.0,0.0,0.0,0.0,0.0,0.0,0.0,0.012656337890625,0.004218779296875,0.004218779296875,0.004218779296875,0.0,0.00843755859375,0.0039785302734375,0.0119355908203125,0.0,0.0,0.0,0.0,0.0,0.0,0.0,0.0,0.0,0.0,0.0,0.0,0.0,0.0,0.0,0.0,0.0,0.0,0.0,0.0,0.0,0.0,0.0,0.0,0.0,0.0
1.760896247,0.0,-3.490658504023969e-05,-1.7453292518787578e-05,-3.490658504023969e-05,-5.235987755902727e-05,-8.726646260726056e-06,8.881784197001252e-16,1.7453292519675756e-05,1.7453292514346685e-05,0.0,0.0,0.0,0.0,0.0,0.0,0.0,0.0,0.0,0.0,0.0,0.0,0.0,0.0,0.0,0.0,0.00843755859375,0.004218779296875,0.0,0.004218779296875,0.0,0.00843755859375,0.0,0.0119355908203125,0.0,0.0,0.0,0.0,0.0,0.0,0.0,0.0,0.0,0.0,0.0,0.0,0.0,0.0,0.0,0.0,0.0,0.0,0.0,0.0,0.0,0.0,0.0,0.0,0.0,0.0
1.771011581,0.0,-3.490658504023969e-05,-1.7453292518787578e-05,-3.490658504023969e-05,-5.235987755902727e-05,-8.726646260726056e-06,8.881784197001252e-16,1.7453292519675756e-05,1.7453292514346685e-05,0.0,0.0,0.0,0.0,0.0,0.0,0.0,0.0,0.0,0.0,0.0,0.0,0.0,0.0,0.0,0.0,0.004218779296875,0.00843755859375,0.004218779296875,0.004218779296875,0.0,0.0,0.0,0.01591412109375,0.0,0.0,0.0,0.0,0.0,0.0,0.0,0.0,0.0,0.0,0.0,0.0,0.0,0.0,0.0,0.0,0.0,0.0,0.0,0.0,0.0,0.0,0.0,0.0,0.0,0.0
1.7810002550000001,0.0,-3.490658504023969e-05,-1.7453292518787578e-05,-3.490658504023969e-05,-5.235987755902727e-05,-8.726646260726056e-06,8.881784197001252e-16,1.7453292519675756e-05,1.7453292514346685e-05,0.0,0.0,0.0,0.0,0.0,0.0,0.0,0.0,0.0,0.0,0.0,0.0,0.0,0.0,0.0,0.0,0.012656337890625,0.004218779296875,0.0,0.012656337890625,0.0,0.0,0.0039785302734375,0.0119355908203125,0.0,0.0,0.0,0.0,0.0,0.0,0.0,0.0,0.0,0.0,0.0,0.0,0.0,0.0,0.0,0.0,0.0,0.0,0.0,0.0,0.0,0.0,0.0,0.0,0.0,0.0
1.7910688680000002,0.0,-3.490658504023969e-05,-1.7453292518787578e-05,-3.490658504023969e-05,-5.235987755902727e-05,-8.726646260726056e-06,8.881784197001252e-16,1.7453292519675756e-05,1.7453292514346685e-05,0.0,0.0,0.0,0.0,0.0,0.0,0.0,0.0,0.0,0.0,0.0,0.0,0.0,0.0,0.0,0.0,0.012656337890625,0.00843755859375,0.004218779296875,-0.004218779296875,0.0,0.00843755859375,0.0039785302734375,0.01591412109375,0.0,0.0,0.0,0.0,0.0,0.0,0.0,0.0,0.0,0.0,0.0,0.0,0.0,0.0,0.0,0.0,0.0,0.0,0.0,0.0,0.0,0.0,0.0,0.0,0.0,0.0
1.801289933,0.0,-3.490658504023969e-05,-1.7453292518787578e-05,-3.490658504023969e-05,-5.235987755902727e-05,-8.726646260726056e-06,8.881784197001252e-16,1.7453292519675756e-05,1.7453292514346685e-05,0.0,0.0,0.0,0.0,0.0,0.0,0.0,0.0,0.0,0.0,0.0,0.0,0.0,0.0,0.0,0.0,0.012656337890625,0.004218779296875,0.004218779296875,0.004218779296875,0.0,0.00843755859375,0.0039785302734375,0.0198926513671875,0.0,0.0,0.0,0.0,0.0,0.0,0.0,0.0,0.0,0.0,0.0,0.0,0.0,0.0,0.0,0.0,0.0,0.0,0.0,0.0,0.0,0.0,0.0,0.0,0.0,0.0
1.8112866390000002,0.0,-3.490658504023969e-05,-1.7453292518787578e-05,-3.490658504023969e-05,-5.235987755902727e-05,-8.726646260726056e-06,8.881784197001252e-16,1.7453292519675756e-05,1.7453292514346685e-05,0.0,0.0,0.0,0.0,0.0,0.0,0.0,0.0,0.0,0.0,0.0,0.0,0.0,0.0,0.0,0.0,0.012656337890625,0.00843755859375,0.004218779296875,0.004218779296875,0.0,0.0,0.0039785302734375,0.01591412109375,0.0,0.0,0.0,0.0,0.0,0.0,0.0,0.0,0.0,0.0,0.0,0.0,0.0,0.0,0.0,0.0,0.0,0.0,0.0,0.0,0.0,0.0,0.0,0.0,0.0,0.0
1.8211971660000001,0.0,-3.490658504023969e-05,-1.7453292518787578e-05,-3.490658504023969e-05,-5.235987755902727e-05,-8.726646260726056e-06,8.881784197001252e-16,1.7453292519675756e-05,1.7453292514346685e-05,0.0,0.0,0.0,0.0,0.0,0.0,0.0,0.0,0.0,0.0,0.0,0.0,0.0,0.0,0.0,0.0,0.004218779296875,0.004218779296875,0.0,-0.004218779296875,-0.00843755859375,0.0,0.0,0.01591412109375,0.0,0.0,0.0,0.0,0.0,0.0,0.0,0.0,0.0,0.0,0.0,0.0,0.0,0.0,0.0,0.0,0.0,0.0,0.0,0.0,0.0,0.0,0.0,0.0,0.0,0.0
1.831138382,0.0,-3.490658504023969e-05,-1.7453292518787578e-05,-3.490658504023969e-05,-5.235987755902727e-05,-8.726646260726056e-06,8.881784197001252e-16,1.7453292519675756e-05,1.7453292514346685e-05,0.0,0.0,0.0,0.0,0.0,0.0,0.0,0.0,0.0,0.0,0.0,0.0,0.0,0.0,0.0,0.0,0.00843755859375,0.00843755859375,0.004218779296875,0.004218779296875,0.0,0.00843755859375,0.0,0.0119355908203125,0.0,0.0,0.0,0.0,0.0,0.0,0.0,0.0,0.0,0.0,0.0,0.0,0.0,0.0,0.0,0.0,0.0,0.0,0.0,0.0,0.0,0.0,0.0,0.0,0.0,0.0
1.841109007,0.0,-3.490658504023969e-05,-1.7453292518787578e-05,-3.490658504023969e-05,-5.235987755902727e-05,-8.726646260726056e-06,8.881784197001252e-16,1.7453292519675756e-05,1.7453292514346685e-05,0.0,0.0,0.0,0.0,0.0,0.0,0.0,0.0,0.0,0.0,0.0,0.0,0.0,0.0,0.0,0.0,0.004218779296875,0.00843755859375,0.004218779296875,0.0,0.0,0.0,0.0,0.01591412109375,0.0,0.0,0.0,0.0,0.0,0.0,0.0,0.0,0.0,0.0,0.0,0.0,0.0,0.0,0.0,0.0,0.0,0.0,0.0,0.0,0.0,0.0,0.0,0.0,0.0,0.0
1.851000717,0.0,-3.490658504023969e-05,-1.7453292518787578e-05,-3.490658504023969e-05,-5.235987755902727e-05,-8.726646260726056e-06,8.881784197001252e-16,1.7453292519675756e-05,1.7453292514346685e-05,0.0,0.0,0.0,0.0,0.0,0.0,0.0,0.0,0.0,0.0,0.0,0.0,0.0,0.0,0.0,0.0,0.012656337890625,0.00843755859375,0.004218779296875,0.004218779296875,-0.00843755859375,0.0,0.0,0.0119355908203125,0.0,0.0,0.0,0.0,0.0,0.0,0.0,0.0,0.0,0.0,0.0,0.0,0.0,0.0,0.0,0.0,0.0,0.0,0.0,0.0,0.0,0.0,0.0,0.0,0.0,0.0
1.8611603410000002,0.0,-3.490658504023969e-05,-1.7453292518787578e-05,-3.490658504023969e-05,-5.235987755902727e-05,-8.726646260726056e-06,8.881784197001252e-16,1.7453292519675756e-05,1.7453292514346685e-05,0.0,0.0,0.0,0.0,0.0,0.0,0.0,0.0,0.0,0.0,0.0,0.0,0.0,0.0,0.0,0.0,0.012656337890625,0.0,0.004218779296875,0.0,-0.00843755859375,0.00843755859375,0.0,0.0119355908203125,0.0,0.0,0.0,0.0,0.0,0.0,0.0,0.0,0.0,0.0,0.0,0.0,0.0,0.0,0.0,0.0,0.0,0.0,0.0,0.0,0.0,0.0,0.0,0.0,0.0,0.0
1.87107778,0.0,-3.490658504023969e-05,-1.7453292518787578e-05,-3.490658504023969e-05,-5.235987755902727e-05,-8.726646260726056e-06,8.881784197001252e-16,1.7453292519675756e-05,1.7453292514346685e-05,0.0,0.0,0.0,0.0,0.0,0.0,0.0,0.0,0.0,0.0,0.0,0.0,0.0,0.0,0.0,0.0,0.012656337890625,0.012656337890625,0.0,0.004218779296875,0.0,0.0,0.0,0.0119355908203125,0.0,0.0,0.0,0.0,0.0,0.0,0.0,0.0,0.0,0.0,0.0,0.0,0.0,0.0,0.0,0.0,0.0,0.0,0.0,0.0,0.0,0.0,0.0,0.0,0.0,0.0
1.8813622390000002,0.0,-3.490658504023969e-05,-1.7453292518787578e-05,-3.490658504023969e-05,-5.235987755902727e-05,-8.726646260726056e-06,8.881784197001252e-16,1.7453292519675756e-05,1.7453292514346685e-05,0.0,0.0,0.0,0.0,0.0,0.0,0.0,0.0,0.0,0.0,0.0,0.0,0.0,0.0,0.0,0.0,0.0168751171875,0.00843755859375,0.0,-0.004218779296875,0.0,0.0,0.0039785302734375,0.01591412109375,0.0,0.0,0.0,0.0,0.0,0.0,0.0,0.0,0.0,0.0,0.0,0.0,0.0,0.0,0.0,0.0,0.0,0.0,0.0,0.0,0.0,0.0,0.0,0.0,0.0,0.0
