time_sec,time_nanosec,pos_0,pos_1,pos_2,pos_3,pos_4,pos_5,pos_6,pos_7,vel_0,vel_1,vel_2,vel_3,vel_4,vel_5,vel_6,vel_7,eff_0,eff_1,eff_2,eff_3,eff_4,eff_5,eff_6,eff_7
1765449303,369171658,0.0673173492494213,0.01699950691442477,0.1251226540754735,-0.09370672753957555,0.12070697106792784,-0.15397294661093977,55.473579851972815,-1.4788174752147953,0.0,0.0,0.0,0.0,0.0,0.0,0.0,0.0,0.0,0.01611328125,-0.0322265625,0.0,-0.064453125,-0.01611328125,0.01611328125,0.04833984375
1765449303,484335282,0.0673173492494213,0.01699950691442477,0.1251226540754735,-0.09370672753957555,0.12070697106792784,-0.15397294661093977,55.473579851972815,-1.4788174752147953,0.0,0.0,0.0,0.0,0.0,0.0,0.0,0.0,0.0,0.01611328125,0.0,0.01611328125,0.01611328125,-0.01611328125,0.0322265625,0.0
1765449303,503730302,0.0673173492494213,0.01699950691442477,0.1251226540754735,-0.09370672753957555,0.12070697106792784,-0.15397294661093977,55.473579851972815,-1.4788174752147953,0.0,0.0,0.0,0.0,0.0,0.0,0.0,0.0,0.0,0.0322265625,-0.04833984375,0.01611328125,0.0322265625,-0.01611328125,0.0322265625,0.0322265625
1765449303,525159335,0.0673173492494213,0.01699950691442477,0.1251226540754735,-0.09370672753957555,0.12070697106792784,-0.15397294661093977,55.473579851972815,-1.4788174752147953,0.0,0.0,0.0,0.0,0.0,0.0,0.0,0.0,0.0,0.01611328125,0.0,0.01611328125,0.0,-0.01611328125,0.01611328125,0.04833984375
1765449303,545071154,0.0673173492494213,0.01699950691442477,0.1251226540754735,-0.09370672753957555,0.12070697106792784,-0.15397294661093977,55.473579851972815,-1.4788174752147953,0.0,0.0,0.0,0.0,0.0,0.0,0.0,0.0,0.0,0.01611328125,0.0,0.0322265625,0.01611328125,-0.01611328125,0.0322265625,0.01611328125
1765449303,568315450,0.0673173492494213,0.01699950691442477,0.1251226540754735,-0.09370672753957555,0.12067206448288793,-0.15397294661093977,55.473579851972815,-1.4788174752147953,0.0,0.0,0.0,0.0,0.0,0.0,0.0,0.0,0.01611328125,0.0,-0.0322265625,0.0322265625,0.0322265625,-0.04833984375,0.0322265625,0.04833984375
1765449303,590420899,0.0673173492494213,0.01699950691442477,0.1251226540754735,-0.09370672753957555,0.12067206448288793,-0.15397294661093977,55.473579851972815,-1.4788174752147953,0.0,0.0,0.0,0.0,0.0,0.0,0.0,0.0,0.0,0.0,0.0,0.01611328125,0.01611328125,0.0,0.0322265625,0.064453125
1765449303,613933930,0.0673173492494213,0.01699950691442477,0.1251226540754735,-0.09370672753957555,0.12067206448288793,-0.15397294661093977,55.473579851972815,-1.4788174752147953,0.0,0.0,0.0,0.0,0.0,0.0,0.0,0.0,0.0,0.01611328125,-0.04833984375,0.04833984375,0.04833984375,-0.01611328125,0.01611328125,0.0
1765449303,651815299,0.0673173492494213,0.01699950691442477,0.1251226540754735,-0.09370672753957555,0.12067206448288793,-0.15397294661093977,55.473579851972815,-1.4788174752147953,0.0,0.0,0.0,0.0,0.0,0.0,0.0,0.0,-0.01611328125,0.0322265625,0.0,0.0322265625,0.01611328125,-0.0322265625,-0.064453125,0.064453125
1765449303,677106088,0.0673173492494213,0.01699950691442477,0.1251226540754735,-0.09370672753957555,0.12067206448288793,-0.15397294661093977,55.473579851972815,-1.4788174752147953,0.0,0.0,0.0,0.0,0.0,0.0,0.0,0.0,0.0322265625,0.0322265625,0.0,0.01611328125,-0.01611328125,-0.0322265625,0.01611328125,0.04833984375
1765449303,707040649,0.0673173492494213,0.01699950691442477,0.1251226540754735,-0.09370672753957555,0.12067206448288793,-0.15397294661093977,55.473579851972815,-1.4788174752147953,0.0,0.0,0.0,0.0,0.0,0.0,0.0,0.0,-0.01611328125,0.0322265625,0.0,0.0322265625,0.04833984375,-0.01611328125,0.04833984375,0.04833984375
1765449303,739852839,0.0673173492494213,0.01699950691442477,0.1251226540754735,-0.09370672753957555,0.12067206448288793,-0.15397294661093977,55.473579851972815,-1.4788174752147953,0.0,0.0,0.0,0.0,0.0,0.0,0.0,0.0,-0.01611328125,0.01611328125,0.01611328125,0.01611328125,0.01611328125,-0.0322265625,0.064453125,0.04833984375
1765449303,763946062,0.0673173492494213,0.01699950691442477,0.1251226540754735,-0.09370672753957555,0.12067206448288793,-0.15397294661093977,55.473579851972815,-1.4788174752147953,0.0,0.0,0.0,0.0,0.0,0.0,0.0,0.0,-0.01611328125,0.01611328125,-0.04833984375,0.01611328125,0.01611328125,-0.0322265625,0.0322265625,0.04833984375
1765449303,785733239,0.0673173492494213,0.01699950691442477,0.1251226540754735,-0.09370672753957555,0.12067206448288793,-0.15397294661093977,55.473579851972815,-1.4788174752147953,0.0,0.0,0.0,0.0,0.0,0.0,0.0,0.0,0.0,0.01611328125,0.0,0.01611328125,0.01611328125,-0.01611328125,0.0322265625,0.04833984375
1765449303,807773312,0.0673173492494213,0.01699950691442477,0.1251226540754735,-0.09370672753957555,0.12067206448288793,-0.15397294661093977,55.473579851972815,-1.4788174752147953,0.0,0.0,0.0,0.0,0.0,0.0,0.0,0.0,-0.01611328125,0.0322265625,0.0,0.0322265625,-0.01611328125,-0.01611328125,0.0322265625,0.0322265625
1765449303,835043171,0.0673173492494213,0.01699950691442477,0.1251226540754735,-0.09370672753957555,0.12067206448288793,-0.15397294661093977,55.473579851972815,-1.4788174752147953,0.0,0.0,0.0,0.0,0.0,0.0,0.0,0.0,0.0,0.01611328125,0.01611328125,0.0322265625,0.0322265625,0.0,0.04833984375,0.0322265625
1765449303,858355723,0.0673173492494213,0.01699950691442477,0.1251226540754735,-0.09370672753957555,0.12067206448288793,-0.15397294661093977,55.473579851972815,-1.4788174752147953,0.0,0.0,0.0,0.0,0.0,0.0,0.0,0.0,0.0,0.01611328125,0.0,0.01611328125,-0.01611328125,-0.0322265625,0.01611328125,0.064453125
1765449303,879239349,0.0673173492494213,0.01699950691442477,0.1251226540754735,-0.09370672753957555,0.12067206448288793,-0.15397294661093977,55.473579851972815,-1.4788174752147953,0.0,0.0,0.0,0.0,0.0,0.0,0.0,0.0,0.01611328125,0.0,0.0,0.01611328125,0.01611328125,0.0,0.01611328125,0.01611328125
1765449303,905452250,0.0673173492494213,0.01699950691442477,0.1251226540754735,-0.09370672753957555,0.12067206448288793,-0.15397294661093977,55.473579851972815,-1.4788174752147953,0.0,0.0,0.0,0.0,0.0,0.0,0.0,0.0,0.0,0.0322265625,0.0,0.01611328125,0.01611328125,0.0,0.0,0.04833984375
1765449303,926917059,0.0673173492494213,0.01699950691442477,0.1251226540754735,-0.09370672753957555,0.12067206448288793,-0.15397294661093977,55.473579851972815,-1.4788174752147953,0.0,0.0,0.0,0.0,0.0,0.0,0.0,0.0,0.0,0.0322265625,0.0,0.01611328125,0.01611328125,-0.0322265625,0.0322265625,0.0322265625
1765449303,949043372,0.0673173492494213,0.01699950691442477,0.1251226540754735,-0.09370672753957555,0.12067206448288793,-0.15397294661093977,55.473579851972815,-1.4788174752147953,0.0,0.0,0.0,0.0,0.0,0.0,0.0,0.0,0.0,0.01611328125,0.01611328125,0.0322265625,0.0,-0.01611328125,0.04833984375,0.04833984375
1765449303,969863062,0.0673173492494213,0.01699950691442477,0.1251226540754735,-0.09370672753957555,0.12067206448288793,-0.15397294661093977,55.473579851972815,-1.4788174752147953,0.0,0.0,0.0,0.0,0.0,0.0,0.0,0.0,0.0,0.0322265625,0.01611328125,0.01611328125,0.0322265625,0.01611328125,-0.01611328125,0.064453125
1765449303,990370049,0.0673173492494213,0.01699950691442477,0.1251226540754735,-0.09370672753957555,0.12067206448288793,-0.15397294661093977,55.473579851972815,-1.4788174752147953,0.0,0.0,0.0,0.0,0.0,0.0,0.0,0.0,-0.01611328125,0.0,0.0,0.01611328125,0.01611328125,-0.0322265625,-0.0322265625,0.04833984375
1765449304,10492428,0.0673173492494213,0.01699950691442477,0.1251226540754735,-0.09370672753957555,0.12067206448288793,-0.15397294661093977,55.473579851972815,-1.4788174752147953,0.0,0.0,0.0,0.0,0.0,0.0,0.0,0.0,0.0,0.0322265625,-0.0322265625,0.01611328125,0.0322265625,-0.0322265625,0.0322265625,0.0322265625
1765449304,30638775,0.0673173492494213,0.01699950691442477,0.1251226540754735,-0.09370672753957555,0.12067206448288793,-0.15397294661093977,55.473579851972815,-1.4788174752147953,0.0,0.0,0.0,0.0,0.0,0.0,0.0,0.0,0.0322265625,0.0322265625,0.0,0.0,0.01611328125,-0.0322265625,0.0322265625,0.064453125
1765449304,51841025,0.0673173492494213,0.01699950691442477,0.1251226540754735,-0.09370672753957555,0.12067206448288793,-0.15397294661093977,55.473579851972815,-1.4788174752147953,0.0,0.0,0.0,0.0,0.0,0.0,0.0,0.0,0.01611328125,0.0322265625,0.0,0.0322265625,0.0,-0.01611328125,0.01611328125,0.04833984375
1765449304,71803116,0.0673173492494213,0.01699950691442477,0.1251226540754735,-0.09370672753957555,0.12067206448288793,-0.15397294661093977,55.473579851972815,-1.4788174752147953,0.0,0.0,0.0,0.0,0.0,0.0,0.0,0.0,0.01611328125,0.01611328125,0.0,0.01611328125,0.0,-0.01611328125,0.0322265625,0.04833984375
1765449304,90920440,0.0673173492494213,0.01699950691442477,0.1251226540754735,-0.09370672753957555,0.12067206448288793,-0.15397294661093977,55.473579851972815,-1.4788174752147953,0.0,0.0,0.0,0.0,0.0,0.0,0.0,0.0,0.0,0.0,0.0,0.0,0.0322265625,-0.01611328125,0.01611328125,0.04833984375
1765449304,111342627,0.0673173492494213,0.01699950691442477,0.1251226540754735,-0.09370672753957555,0.12067206448288793,-0.15397294661093977,55.473579851972815,-1.4788174752147953,0.0,0.0,0.0,0.0,0.0,0.0,0.0,0.0,0.01611328125,0.01611328125,0.0,0.01611328125,0.0322265625,-0.01611328125,0.01611328125,0.0322265625
1765449304,130944303,0.0673173492494213,0.01699950691442477,0.1251226540754735,-0.09370672753957555,0.12067206448288793,-0.15397294661093977,55.473579851972815,-1.4788174752147953,0.0,0.0,0.0,0.0,0.0,0.0,0.0,0.0,0.0,0.01611328125,-0.0322265625,0.0322265625,0.0322265625,-0.01611328125,0.01611328125,0.0
1765449304,148696092,0.0673173492494213,0.01699950691442477,0.1251226540754735,-0.09370672753957555,0.12067206448288793,-0.15397294661093977,55.473579851972815,-1.4788174752147953,0.0,0.0,0.0,0.0,0.0,0.0,0.0,0.0,0.0,-0.08056640625,0.0,0.0322265625,0.0322265625,0.064453125,0.01611328125,0.01611328125
1765449304,168200648,0.0673173492494213,0.01699950691442477,0.1251226540754735,-0.09370672753957555,0.12067206448288793,-0.15397294661093977,55.473579851972815,-1.4788174752147953,0.0,0.0,0.0,0.0,0.0,0.0,0.0,0.0,0.0,0.0322265625,0.0,0.01611328125,-0.064453125,0.01611328125,0.0322265625,0.0322265625
1765449304,186765749,0.0673173492494213,0.01699950691442477,0.1251226540754735,-0.09370672753957555,0.12067206448288793,-0.15397294661093977,55.473579851972815,-1.4788174752147953,0.0,0.0,0.0,0.0,0.0,0.0,0.0,0.0,0.0,0.01611328125,0.0,0.01611328125,-0.01611328125,-0.01611328125,0.0322265625,0.064453125
1765449304,205633441,0.0673173492494213,0.01699950691442477,0.1251226540754735,-0.09370672753957555,0.12067206448288793,-0.15397294661093977,55.473579851972815,-1.4788174752147953,0.0,0.0,0.0,0.0,0.0,0.0,0.0,0.0,-0.01611328125,0.01611328125,0.0,0.0322265625,0.01611328125,-0.01611328125,0.01611328125,0.04833984375
1765449304,225154797,0.0673173492494213,0.01699950691442477,0.1251226540754735,-0.09370672753957555,0.12067206448288793,-0.15397294661093977,55.473579851972815,-1.4788174752147953,0.0,0.0,0.0,0.0,0.0,0.0,0.0,0.0,0.0322265625,0.01611328125,-0.04833984375,0.01611328125,0.0322265625,-0.0322265625,0.0322265625,0.0
1765449304,244955321,0.0673173492494213,0.01699950691442477,0.1251226540754735,-0.09370672753957555,0.12067206448288793,-0.15397294661093977,55.473579851972815,-1.4788174752147953,0.0,0.0,0.0,0.0,0.0,0.0,0.0,0.0,0.0,0.01611328125,0.0,-0.0322265625,0.01611328125,0.08056640625,0.04833984375,0.0322265625
1765449304,264600804,0.0673173492494213,0.01699950691442477,0.1251226540754735,-0.09370672753957555,0.12067206448288793,-0.15397294661093977,55.473579851972815,-1.4788174752147953,0.0,0.0,0.0,0.0,0.0,0.0,0.0,0.0,-0.01611328125,0.0,0.01611328125,0.01611328125,0.0322265625,-0.01611328125,0.0,0.0
1765449304,286250126,0.0673173492494213,0.01699950691442477,0.1251226540754735,-0.09370672753957555,0.12067206448288793,-0.15397294661093977,55.473579851972815,-1.4788174752147953,0.0,0.0,0.0,0.0,0.0,0.0,0.0,0.0,0.0,0.0,0.0,0.01611328125,0.0,-0.01611328125,0.0322265625,0.0322265625
1765449304,306911352,0.0673173492494213,0.01699950691442477,0.1251226540754735,-0.09370672753957555,0.12067206448288793,-0.15397294661093977,55.473579851972815,-1.4788174752147953,0.0,0.0,0.0,0.0,0.0,0.0,0.0,0.0,-0.01611328125,0.0322265625,0.0,0.01611328125,0.0,-0.01611328125,0.0322265625,0.04833984375
1765449304,332165214,0.0673173492494213,0.01699950691442477,0.1251226540754735,-0.09370672753957555,0.12067206448288793,-0.15397294661093977,55.473579851972815,-1.4788174752147953,0.0,0.0,0.0,0.0,0.0,0.0,0.0,0.0,-0.01611328125,0.0322265625,0.01611328125,0.01611328125,-0.01611328125,-0.0322265625,0.0322265625,0.064453125
1765449304,359607842,0.0673173492494213,0.01699950691442477,0.1251226540754735,-0.09370672753957555,0.12067206448288793,-0.15397294661093977,55.473579851972815,-1.4788174752147953,0.0,0.0,0.0,0.0,0.0,0.0,0.0,0.0,-0.01611328125,0.01611328125,0.01611328125,0.0322265625,0.0,-0.01611328125,0.0322265625,0.0322265625
1765449304,380186284,0.0673173492494213,0.01699950691442477,0.1251226540754735,-0.09370672753957555,0.12067206448288793,-0.15397294661093977,55.473579851972815,-1.4788174752147953,0.0,0.0,0.0,0.0,0.0,0.0,0.0,0.0,-0.01611328125,-0.01611328125,-0.0322265625,0.0322265625,0.0322265625,-0.01611328125,0.0322265625,0.0322265625
1765449304,400539575,0.0673173492494213,0.01699950691442477,0.1251226540754735,-0.09370672753957555,0.12067206448288793,-0.15397294661093977,55.473579851972815,-1.4788174752147953,0.0,0.0,0.0,0.0,0.0,0.0,0.0,0.0,0.0,0.0,0.0,0.01611328125,0.0322265625,-0.01611328125,0.0,0.04833984375
1765449304,424138783,0.0673173492494213,0.01699950691442477,0.1251226540754735,-0.09370672753957555,0.12067206448288793,-0.15397294661093977,55.473579851972815,-1.4788174752147953,0.0,0.0,0.0,0.0,0.0,0.0,0.0,0.0,-0.01611328125,0.0322265625,-0.0322265625,0.01611328125,0.01611328125,-0.01611328125,0.0322265625,0.064453125
1765449304,445498761,0.0673173492494213,0.01699950691442477,0.1251226540754735,-0.09370672753957555,0.12067206448288793,-0.15397294661093977,55.473579851972815,-1.4788174752147953,0.0,0.0,0.0,0.0,0.0,0.0,0.0,0.0,0.0,0.0,0.0,0.01611328125,0.01611328125,0.0,0.04833984375,0.04833984375
1765449304,468923536,0.0673173492494213,0.01699950691442477,0.1251226540754735,-0.09370672753957555,0.12067206448288793,-0.15397294661093977,55.473579851972815,-1.4788174752147953,0.0,0.0,0.0,0.0,0.0,0.0,0.0,0.0,-0.01611328125,0.01611328125,0.0,0.01611328125,0.04833984375,-0.01611328125,0.04833984375,0.0322265625
1765449304,489361499,0.0673173492494213,0.01699950691442477,0.1251226540754735,-0.09370672753957555,0.12067206448288793,-0.15397294661093977,55.473579851972815,-1.4788174752147953,0.0,0.0,0.0,0.0,0.0,0.0,0.0,0.0,-0.01611328125,0.01611328125,0.0,0.0322265625,0.0,-0.01611328125,0.0322265625,0.04833984375
1765449304,510158502,0.0673173492494213,0.01699950691442477,0.1251226540754735,-0.09370672753957555,0.12067206448288793,-0.15397294661093977,55.473579851972815,-1.4788174752147953,0.0,0.0,0.0,0.0,0.0,0.0,0.0,0.0,-0.01611328125,0.01611328125,-0.0322265625,0.01611328125,0.0,-0.0322265625,0.0322265625,0.0322265625
1765449304,533036718,0.0673173492494213,0.01699950691442477,0.1251226540754735,-0.09370672753957555,0.12067206448288793,-0.15397294661093977,55.473579851972815,-1.4788174752147953,0.0,0.0,0.0,0.0,0.0,0.0,0.0,0.0,-0.01611328125,0.0322265625,-0.04833984375,-0.01611328125,0.01611328125,-0.01611328125,0.0322265625,0.04833984375
1765449304,554348216,0.0673173492494213,0.01699950691442477,0.1251226540754735,-0.09370672753957555,0.12067206448288793,-0.15397294661093977,55.473579851972815,-1.4788174752147953,0.0,0.0,0.0,0.0,0.0,0.0,0.0,0.0,0.0,0.0322265625,-0.0322265625,0.0322265625,-0.064453125,0.01611328125,0.0322265625,0.04833984375
1765449304,574554691,0.0673173492494213,0.01699950691442477,0.1251226540754735,-0.09370672753957555,0.12067206448288793,-0.15397294661093977,55.473579851972815,-1.4788174752147953,0.0,0.0,0.0,0.0,0.0,0.0,0.0,0.0,-0.01611328125,0.01611328125,0.0,0.01611328125,0.0322265625,-0.0322265625,0.01611328125,0.0322265625
1765449304,595434349,0.0673173492494213,0.01699950691442477,0.1251226540754735,-0.09370672753957555,0.12067206448288793,-0.15397294661093977,55.473579851972815,-1.4788174752147953,0.0,0.0,0.0,0.0,0.0,0.0,0.0,0.0,0.0,0.01611328125,0.0,0.01611328125,0.01611328125,-0.01611328125,0.01611328125,0.064453125
1765449304,615220537,0.0673173492494213,0.01699950691442477,0.1251226540754735,-0.09370672753957555,0.12067206448288793,-0.15397294661093977,55.473579851972815,-1.4788174752147953,0.0,0.0,0.0,0.0,0.0,0.0,0.0,0.0,0.0,0.0322265625,0.0,0.01611328125,-0.064453125,-0.01611328125,0.01611328125,0.04833984375
1765449304,636015587,0.0673173492494213,0.01699950691442477,0.1251226540754735,-0.09370672753957555,0.12067206448288793,-0.15397294661093977,55.473579851972815,-1.4788174752147953,0.0,0.0,0.0,0.0,0.0,0.0,0.0,0.0,0.0,0.0322265625,0.0,0.01611328125,0.0,-0.01611328125,0.0322265625,0.0322265625
1765449304,657106285,0.0673173492494213,0.01699950691442477,0.1251226540754735,-0.09370672753957555,0.12067206448288793,-0.15397294661093977,55.473579851972815,-1.4788174752147953,0.0,0.0,0.0,0.0,0.0,0.0,0.0,0.0,-0.01611328125,0.0322265625,0.0,0.0322265625,0.01611328125,-0.01611328125,0.01611328125,0.04833984375
1765449304,678308215,0.0673173492494213,0.01699950691442477,0.1251226540754735,-0.09370672753957555,0.12067206448288793,-0.15397294661093977,55.473579851972815,-1.4788174752147953,0.0,0.0,0.0,0.0,0.0,0.0,0.0,0.0,0.0,0.0322265625,-0.04833984375,0.01611328125,0.0322265625,0.0,0.04833984375,0.04833984375
1765449304,700658624,0.0673173492494213,0.01699950691442477,0.1251226540754735,-0.09370672753957555,0.12067206448288793,-0.15397294661093977,55.473579851972815,-1.4788174752147953,0.0,0.0,0.0,0.0,0.0,0.0,0.0,0.0,0.0,0.01611328125,0.0,-0.0322265625,0.0322265625,-0.01611328125,0.01611328125,0.01611328125
1765449304,721966090,0.0673173492494213,0.01699950691442477,0.1251226540754735,-0.09370672753957555,0.12067206448288793,-0.15397294661093977,55.473579851972815,-1.4788174752147953,0.0,0.0,0.0,0.0,0.0,0.0,0.0,0.0,0.0,0.0,-0.08056640625,0.01611328125,0.01611328125,-0.01611328125,0.01611328125,0.04833984375
1765449304,742506517,0.0673173492494213,0.01699950691442477,0.1251226540754735,-0.09370672753957555,0.12067206448288793,-0.15397294661093977,55.473579851972815,-1.4788174752147953,0.0,0.0,0.0,0.0,0.0,0.0,0.0,0.0,0.0,0.0322265625,0.0,0.01611328125,0.01611328125,-0.01611328125,0.01611328125,0.04833984375
1765449304,763767615,0.0673173492494213,0.01699950691442477,0.1251226540754735,-0.09370672753957555,0.12067206448288793,-0.15397294661093977,55.473579851972815,-1.4788174752147953,0.0,0.0,0.0,0.0,0.0,0.0,0.0,0.0,0.0,0.01611328125,-0.0322265625,0.0,0.01611328125,0.0,0.01611328125,0.04833984375
1765449304,784695721,0.0673173492494213,0.01699950691442477,0.1251226540754735,-0.09370672753957555,0.12067206448288793,-0.15397294661093977,55.473579851972815,-1.4788174752147953,0.0,0.0,0.0,0.0,0.0,0.0,0.0,0.0,-0.01611328125,-0.08056640625,0.0,0.0,0.0322265625,-0.0322265625,0.04833984375,0.04833984375
1765449304,808592336,0.0673173492494213,0.01699950691442477,0.1251226540754735,-0.09370672753957555,0.12067206448288793,-0.15397294661093977,55.473579851972815,-1.4788174752147953,0.0,0.0,0.0,0.0,0.0,0.0,0.0,0.0,-0.01611328125,0.0,0.01611328125,0.0322265625,0.01611328125,0.0,0.0322265625,0.0322265625
1765449304,830993497,0.0673173492494213,0.01699950691442477,0.1251226540754735,-0.09370672753957555,0.12067206448288793,-0.15397294661093977,55.473579851972815,-1.4788174752147953,0.0,0.0,0.0,0.0,0.0,0.0,0.0,0.0,0.0,0.04833984375,0.0,0.01611328125,0.0,0.0,0.01611328125,0.064453125
1765449304,854929216,0.0673173492494213,0.01699950691442477,0.1251226540754735,-0.09370672753957555,0.12067206448288793,-0.15397294661093977,55.473579851972815,-1.4788174752147953,0.0,0.0,0.0,0.0,0.0,0.0,0.0,0.0,0.0322265625,0.01611328125,-0.04833984375,0.01611328125,0.01611328125,-0.01611328125,0.01611328125,0.04833984375
1765449304,875008011,0.0673173492494213,0.01699950691442477,0.1251226540754735,-0.09370672753957555,0.12067206448288793,-0.15397294661093977,55.473579851972815,-1.4788174752147953,0.0,0.0,0.0,0.0,0.0,0.0,0.0,0.0,-0.01611328125,0.0322265625,0.0,0.01611328125,0.01611328125,-0.0322265625,0.01611328125,0.0322265625
1765449304,895646614,0.0673173492494213,0.01699950691442477,0.1251226540754735,-0.09370672753957555,0.12067206448288793,-0.15397294661093977,55.473579851972815,-1.4788174752147953,0.0,0.0,0.0,0.0,0.0,0.0,0.0,0.0,0.01611328125,0.0322265625,-0.0322265625,0.01611328125,-0.01611328125,-0.01611328125,0.01611328125,0.0322265625
1765449304,916280417,0.0673173492494213,0.01699950691442477,0.1251226540754735,-0.09370672753957555,0.12067206448288793,-0.15397294661093977,55.473579851972815,-1.4788174752147953,0.0,0.0,0.0,0.0,0.0,0.0,0.0,0.0,0.0,0.01611328125,0.0,0.01611328125,0.01611328125,0.0,0.01611328125,0.04833984375
1765449304,938377738,0.0673173492494213,0.01699950691442477,0.1251226540754735,-0.09370672753957555,0.12067206448288793,-0.15397294661093977,55.473579851972815,-1.4788174752147953,0.0,0.0,0.0,0.0,0.0,0.0,0.0,0.0,0.0,0.01611328125,0.01611328125,0.01611328125,0.0322265625,0.01611328125,0.0322265625,0.04833984375
1765449304,959281108,0.0673173492494213,0.01699950691442477,0.1251226540754735,-0.09370672753957555,0.12067206448288793,-0.15397294661093977,55.473579851972815,-1.4788174752147953,0.0,0.0,0.0,0.0,0.0,0.0,0.0,0.0,0.0,0.0322265625,-0.04833984375,0.0322265625,0.0322265625,-0.0322265625,0.0322265625,0.04833984375
1765449304,979839935,0.0673173492494213,0.01699950691442477,0.1251226540754735,-0.09370672753957555,0.12067206448288793,-0.15397294661093977,55.473579851972815,-1.4788174752147953,0.0,0.0,0.0,0.0,0.0,0.0,0.0,0.0,0.0,0.0322265625,0.0,0.0322265625,0.01611328125,-0.01611328125,0.04833984375,0.0322265625
1765449305,2749895,0.0673173492494213,0.01699950691442477,0.1251226540754735,-0.09370672753957555,0.12067206448288793,-0.15397294661093977,55.473579851972815,-1.4788174752147953,0.0,0.0,0.0,0.0,0.0,0.0,0.0,0.0,0.0,0.0,0.0966796875,0.0322265625,0.01611328125,-0.0322265625,0.0322265625,0.04833984375
1765449305,23971729,0.0673173492494213,0.01699950691442477,0.1251226540754735,-0.09370672753957555,0.12067206448288793,-0.15397294661093977,55.473579851972815,-1.4788174752147953,0.0,0.0,0.0,0.0,0.0,0.0,0.0,0.0,0.0,0.0,0.0,0.0322265625,-0.0322265625,-0.0322265625,0.0322265625,0.04833984375
1765449305,44204444,0.0673173492494213,0.01699950691442477,0.1251226540754735,-0.09370672753957555,0.12067206448288793,-0.15397294661093977,55.473579851972815,-1.4788174752147953,0.0,0.0,0.0,0.0,0.0,0.0,0.0,0.0,-0.01611328125,0.0322265625,0.0,0.0322265625,0.0,-0.0322265625,-0.04833984375,0.04833984375
1765449305,65726694,0.0673173492494213,0.01699950691442477,0.1251226540754735,-0.09370672753957555,0.12067206448288793,-0.15397294661093977,55.473579851972815,-1.4788174752147953,0.0,0.0,0.0,0.0,0.0,0.0,0.0,0.0,0.01611328125,0.01611328125,-0.0322265625,0.01611328125,0.0322265625,-0.01611328125,0.0322265625,0.0322265625
1765449305,87366864,0.0673173492494213,0.01699950691442477,0.1251226540754735,-0.09370672753957555,0.12067206448288793,-0.15397294661093977,55.473579851972815,-1.4788174752147953,0.0,0.0,0.0,0.0,0.0,0.0,0.0,0.0,-0.01611328125,0.0,0.0,0.0322265625,0.0,-0.0322265625,-0.01611328125,0.04833984375
1765449305,111606455,0.0673173492494213,0.01699950691442477,0.1251226540754735,-0.09370672753957555,0.12067206448288793,-0.15397294661093977,55.473579851972815,-1.4788174752147953,0.0,0.0,0.0,0.0,0.0,0.0,0.0,0.0,0.0,0.0,0.0,0.0322265625,0.01611328125,-0.01611328125,0.01611328125,0.064453125
1765449305,133128225,0.0673173492494213,0.01699950691442477,0.1251226540754735,-0.09370672753957555,0.12067206448288793,-0.15397294661093977,55.473579851972815,-1.4788174752147953,0.0,0.0,0.0,0.0,0.0,0.0,0.0,0.0,0.0,0.0322265625,0.0,0.01611328125,-0.064453125,-0.0322265625,0.0322265625,0.04833984375
1765449305,153469996,0.0673173492494213,0.01699950691442477,0.1251226540754735,-0.09370672753957555,0.12067206448288793,-0.15397294661093977,55.473579851972815,-1.4788174752147953,0.0,0.0,0.0,0.0,0.0,0.0,0.0,0.0,0.0,0.01611328125,-0.04833984375,0.04833984375,0.0322265625,-0.0322265625,0.04833984375,0.04833984375
1765449305,175393269,0.0673173492494213,0.01699950691442477,0.1251226540754735,-0.09370672753957555,0.12067206448288793,-0.15397294661093977,55.473579851972815,-1.4788174752147953,0.0,0.0,0.0,0.0,0.0,0.0,0.0,0.0,-0.01611328125,0.01611328125,0.01611328125,-0.0322265625,0.0,0.0,0.0322265625,0.01611328125
1765449305,194368898,0.0673173492494213,0.01699950691442477,0.1251226540754735,-0.09370672753957555,0.12067206448288793,-0.15397294661093977,55.473579851972815,-1.4788174752147953,0.0,0.0,0.0,0.0,0.0,0.0,0.0,0.0,0.0,0.0322265625,-0.0322265625,0.0322265625,0.01611328125,-0.0322265625,0.0322265625,0.064453125
1765449305,213796622,0.0673173492494213,0.01699950691442477,0.1251226540754735,-0.09370672753957555,0.12067206448288793,-0.15397294661093977,55.473579851972815,-1.4788174752147953,0.0,0.0,0.0,0.0,0.0,0.0,0.0,0.0,-0.01611328125,0.01611328125,-0.0322265625,0.0322265625,0.01611328125,-0.01611328125,0.0322265625,0.0322265625
1765449305,233267162,0.0673173492494213,0.01699950691442477,0.1251226540754735,-0.09370672753957555,0.12067206448288793,-0.15397294661093977,55.473579851972815,-1.4788174752147953,0.0,0.0,0.0,0.0,0.0,0.0,0.0,0.0,0.0,0.0,0.01611328125,0.01611328125,-0.01611328125,-0.0322265625,0.04833984375,0.0322265625
1765449305,253430981,0.0673173492494213,0.01699950691442477,0.1251226540754735,-0.09370672753957555,0.12067206448288793,-0.15397294661093977,55.473579851972815,-1.4788174752147953,0.0,0.0,0.0,0.0,0.0,0.0,0.0,0.0,0.0,0.01611328125,0.0,0.01611328125,0.0322265625,0.0,0.04833984375,0.0322265625
1765449305,274487120,0.0673173492494213,0.01699950691442477,0.1251226540754735,-0.09370672753957555,0.12067206448288793,-0.15397294661093977,55.473579851972815,-1.4788174752147953,0.0,0.0,0.0,0.0,0.0,0.0,0.0,0.0,0.01611328125,0.0,0.0,0.01611328125,0.01611328125,0.01611328125,-0.04833984375,0.04833984375
1765449305,296430873,0.0673173492494213,0.01699950691442477,0.1251226540754735,-0.09370672753957555,0.12067206448288793,-0.15397294661093977,55.473579851972815,-1.4788174752147953,0.0,0.0,0.0,0.0,0.0,0.0,0.0,0.0,-0.01611328125,0.01611328125,0.0,0.01611328125,0.01611328125,-0.01611328125,0.04833984375,0.04833984375
1765449305,321301951,0.0673173492494213,0.01699950691442477,0.1251226540754735,-0.09370672753957555,0.12067206448288793,-0.15397294661093977,55.473579851972815,-1.4788174752147953,0.0,0.0,0.0,0.0,0.0,0.0,0.0,0.0,0.0,0.0322265625,0.01611328125,0.0,0.01611328125,-0.01611328125,0.01611328125,0.0322265625
1765449305,342331274,0.0673173492494213,0.01699950691442477,0.1251226540754735,-0.09370672753957555,0.12067206448288793,-0.15397294661093977,55.473579851972815,-1.4788174752147953,0.0,0.0,0.0,0.0,0.0,0.0,0.0,0.0,-0.01611328125,-0.01611328125,0.0,0.01611328125,0.01611328125,0.01611328125,-0.01611328125,0.04833984375
1765449305,361345014,0.0673173492494213,0.01699950691442477,0.1251226540754735,-0.09370672753957555,0.12067206448288793,-0.15397294661093977,55.473579851972815,-1.4788174752147953,0.0,0.0,0.0,0.0,0.0,0.0,0.0,0.0,0.0,0.0,0.01611328125,0.0,0.0322265625,0.0,0.0322265625,0.04833984375
1765449305,382311713,0.0673173492494213,0.01699950691442477,0.1251226540754735,-0.09370672753957555,0.12067206448288793,-0.15397294661093977,55.473579851972815,-1.4788174752147953,0.0,0.0,0.0,0.0,0.0,0.0,0.0,0.0,0.0,0.01611328125,0.0322265625,0.01611328125,0.01611328125,0.0,0.04833984375,0.04833984375
1765449305,400314126,0.0673173492494213,0.01699950691442477,0.1251226540754735,-0.09370672753957555,0.12067206448288793,-0.15397294661093977,55.473579851972815,-1.4788174752147953,0.0,0.0,0.0,0.0,0.0,0.0,0.0,0.0,0.0,0.0322265625,0.0,0.0,0.0,0.0,0.01611328125,0.0
1765449305,419972570,0.0673173492494213,0.01699950691442477,0.1251226540754735,-0.09370672753957555,0.12067206448288793,-0.15397294661093977,55.473579851972815,-1.4788174752147953,0.0,0.0,0.0,0.0,0.0,0.0,0.0,0.0,0.0,0.01611328125,-0.04833984375,0.01611328125,0.0,0.0,0.0322265625,0.04833984375
1765449305,438310183,0.0673173492494213,0.01699950691442477,0.1251226540754735,-0.09370672753957555,0.12067206448288793,-0.15397294661093977,55.473579851972815,-1.4788174752147953,0.0,0.0,0.0,0.0,0.0,0.0,0.0,0.0,0.0,0.01611328125,0.01611328125,0.01611328125,0.0,0.0,0.0,0.04833984375
1765449305,457676307,0.0673173492494213,0.01699950691442477,0.1251226540754735,-0.09370672753957555,0.12067206448288793,-0.15397294661093977,55.473579851972815,-1.4788174752147953,0.0,0.0,0.0,0.0,0.0,0.0,0.0,0.0,0.0,-0.08056640625,-0.0322265625,0.01611328125,0.01611328125,-0.01611328125,0.01611328125,0.04833984375
1765449305,475871937,0.0673173492494213,0.01699950691442477,0.1251226540754735,-0.09370672753957555,0.12067206448288793,-0.15397294661093977,55.473579851972815,-1.4788174752147953,0.0,0.0,0.0,0.0,0.0,0.0,0.0,0.0,0.0,-0.01611328125,0.0,0.01611328125,0.0322265625,0.01611328125,0.0322265625,0.0322265625
1765449305,495807020,0.0673173492494213,0.01699950691442477,0.1251226540754735,-0.09370672753957555,0.12067206448288793,-0.15397294661093977,55.473579851972815,-1.4788174752147953,0.0,0.0,0.0,0.0,0.0,0.0,0.0,0.0,-0.01611328125,-0.01611328125,0.0,0.01611328125,0.01611328125,-0.0322265625,0.01611328125,0.04833984375
1765449305,514805081,0.0673173492494213,0.01699950691442477,0.1251226540754735,-0.09370672753957555,0.12067206448288793,-0.15397294661093977,55.473579851972815,-1.4788174752147953,0.0,0.0,0.0,0.0,0.0,0.0,0.0,0.0,0.0,0.0322265625,0.0,0.01611328125,0.01611328125,-0.01611328125,0.01611328125,0.01611328125
1765449305,534807076,0.0673173492494213,0.01699950691442477,0.1251226540754735,-0.09370672753957555,0.12067206448288793,-0.15397294661093977,55.473579851972815,-1.4788174752147953,0.0,0.0,0.0,0.0,0.0,0.0,0.0,0.0,-0.01611328125,0.01611328125,0.0,0.0322265625,0.0,0.01611328125,0.04833984375,0.0322265625
1765449305,555401327,0.0673173492494213,0.01699950691442477,0.1251226540754735,-0.09370672753957555,0.12067206448288793,-0.15397294661093977,55.473579851972815,-1.4788174752147953,0.0,0.0,0.0,0.0,0.0,0.0,0.0,0.0,0.0,0.0322265625,0.0,0.01611328125,0.0322265625,-0.01611328125,0.04833984375,0.04833984375
1765449305,575175194,0.0673173492494213,0.01699950691442477,0.1251226540754735,-0.09370672753957555,0.12067206448288793,-0.15397294661093977,55.473579851972815,-1.4788174752147953,0.0,0.0,0.0,0.0,0.0,0.0,0.0,0.0,-0.01611328125,0.0,0.0,0.01611328125,0.0322265625,-0.01611328125,0.0322265625,0.04833984375
1765449305,598974946,0.0673173492494213,0.01699950691442477,0.1251226540754735,-0.09370672753957555,0.12067206448288793,-0.15397294661093977,55.473579851972815,-1.4788174752147953,0.0,0.0,0.0,0.0,0.0,0.0,0.0,0.0,0.0,0.0322265625,0.0,0.01611328125,0.0322265625,0.0,0.0322265625,0.04833984375
1765449305,625647559,0.0673173492494213,0.01699950691442477,0.1251226540754735,-0.09370672753957555,0.12067206448288793,-0.15397294661093977,55.473579851972815,-1.4788174752147953,0.0,0.0,0.0,0.0,0.0,0.0,0.0,0.0,0.0,0.01611328125,0.0,0.01611328125,0.01611328125,-0.01611328125,0.0322265625,0.04833984375
1765449305,649068015,0.0673173492494213,0.01699950691442477,0.1251226540754735,-0.09370672753957555,0.12067206448288793,-0.15397294661093977,55.473579851972815,-1.4788174752147953,0.0,0.0,0.0,0.0,0.0,0.0,0.0,0.0,0.0322265625,0.01611328125,0.01611328125,0.01611328125,-0.0322265625,-0.0322265625,0.01611328125,0.04833984375
1765449305,673457973,0.0673173492494213,0.01699950691442477,0.1251226540754735,-0.09370672753957555,0.12067206448288793,-0.15397294661093977,55.473579851972815,-1.4788174752147953,0.0,0.0,0.0,0.0,0.0,0.0,0.0,0.0,-0.01611328125,0.0322265625,0.0,0.01611328125,0.0322265625,-0.0322265625,0.0322265625,0.04833984375
1765449305,696853693,0.0673173492494213,0.01699950691442477,0.1251226540754735,-0.09370672753957555,0.12067206448288793,-0.15397294661093977,55.473579851972815,-1.4788174752147953,0.0,0.0,0.0,0.0,0.0,0.0,0.0,0.0,-0.01611328125,0.01611328125,0.0,0.0,0.01611328125,-0.01611328125,0.0322265625,0.01611328125
1765449305,726566399,0.0673173492494213,0.01699950691442477,0.1251226540754735,-0.09370672753957555,0.12067206448288793,-0.15397294661093977,55.473579851972815,-1.4788174752147953,0.0,0.0,0.0,0.0,0.0,0.0,0.0,0.0,0.0,0.0322265625,0.0,0.01611328125,0.0322265625,-0.01611328125,0.0322265625,0.0322265625
1765449305,755181601,0.0673173492494213,0.01699950691442477,0.1251226540754735,-0.09370672753957555,0.12067206448288793,-0.15397294661093977,55.473579851972815,-1.4788174752147953,0.0,0.0,0.0,0.0,0.0,0.0,0.0,0.0,0.0,0.0322265625,-0.04833984375,0.0,0.0,0.064453125,0.04833984375,0.04833984375
1765449305,784676419,0.0673173492494213,0.01699950691442477,0.1251226540754735,-0.09370672753957555,0.12067206448288793,-0.15397294661093977,55.473579851972815,-1.4788174752147953,0.0,0.0,0.0,0.0,0.0,0.0,0.0,0.0,0.0,-0.0322265625,0.0,0.0,0.0322265625,-0.01611328125,0.0322265625,0.04833984375
1765449305,808149323,0.0673173492494213,0.01699950691442477,0.1251226540754735,-0.09370672753957555,0.12067206448288793,-0.15397294661093977,55.473579851972815,-1.4788174752147953,0.0,0.0,0.0,0.0,0.0,0.0,0.0,0.0,0.0,0.0,-0.01611328125,0.01611328125,0.0,0.04833984375,0.0322265625,0.04833984375
1765449305,839732907,0.0673173492494213,0.01699950691442477,0.1251226540754735,-0.09370672753957555,0.12067206448288793,-0.15397294661093977,55.473579851972815,-1.4788174752147953,0.0,0.0,0.0,0.0,0.0,0.0,0.0,0.0,-0.01611328125,0.0322265625,0.0,0.01611328125,0.01611328125,0.0,0.01611328125,0.064453125
1765449305,863565010,0.0673173492494213,0.01699950691442477,0.1251226540754735,-0.09370672753957555,0.12067206448288793,-0.15397294661093977,55.473579851972815,-1.4788174752147953,0.0,0.0,0.0,0.0,0.0,0.0,0.0,0.0,0.0,0.01611328125,0.0,0.01611328125,-0.064453125,-0.0322265625,0.0322265625,0.0322265625
1765449305,888711288,0.0673173492494213,0.01699950691442477,0.1251226540754735,-0.09370672753957555,0.12067206448288793,-0.15397294661093977,55.473579851972815,-1.4788174752147953,0.0,0.0,0.0,0.0,0.0,0.0,0.0,0.0,0.01611328125,0.0322265625,0.0,0.01611328125,0.01611328125,-0.01611328125,0.0322265625,0.064453125
1765449305,913306527,0.0673173492494213,0.01699950691442477,0.1251226540754735,-0.09370672753957555,0.12067206448288793,-0.15397294661093977,55.473579851972815,-1.4788174752147953,0.0,0.0,0.0,0.0,0.0,0.0,0.0,0.0,0.0,0.0,0.0,0.0,0.0,-0.01611328125,0.01611328125,0.04833984375
1765449305,942230625,0.0673173492494213,0.01699950691442477,0.1251226540754735,-0.09370672753957555,0.12067206448288793,-0.15397294661093977,55.473579851972815,-1.4788174752147953,0.0,0.0,0.0,0.0,0.0,0.0,0.0,0.0,0.0,0.0322265625,-0.0322265625,0.01611328125,0.0,-0.01611328125,0.0,0.0322265625
1765449305,965193354,0.0673173492494213,0.01699950691442477,0.1251226540754735,-0.09370672753957555,0.12067206448288793,-0.15397294661093977,55.473579851972815,-1.4788174752147953,0.0,0.0,0.0,0.0,0.0,0.0,0.0,0.0,0.01611328125,0.0,-0.0322265625,0.01611328125,-0.064453125,-0.01611328125,0.0322265625,0.0322265625
1765449305,992267694,0.0673173492494213,0.01699950691442477,0.1251226540754735,-0.09370672753957555,0.12067206448288793,-0.15397294661093977,55.473579851972815,-1.4788174752147953,0.0,0.0,0.0,0.0,0.0,0.0,0.0,0.0,0.01611328125,0.0322265625,0.0,0.0322265625,0.01611328125,-0.01611328125,0.0322265625,0.04833984375
1765449306,14838903,0.0673173492494213,0.01699950691442477,0.1251226540754735,-0.09370672753957555,0.12067206448288793,-0.15397294661093977,55.473579851972815,-1.4788174752147953,0.0,0.0,0.0,0.0,0.0,0.0,0.0,0.0,0.0,0.0,0.0322265625,0.01611328125,0.01611328125,-0.01611328125,0.01611328125,0.064453125
1765449306,37400480,0.0673173492494213,0.01699950691442477,0.1251226540754735,-0.09370672753957555,0.12067206448288793,-0.15397294661093977,55.473579851972815,-1.4788174752147953,0.0,0.0,0.0,0.0,0.0,0.0,0.0,0.0,0.01611328125,0.01611328125,0.0,0.01611328125,0.01611328125,-0.01611328125,0.04833984375,0.04833984375
1765449306,66347874,0.0673173492494213,0.01699950691442477,0.1251226540754735,-0.09370672753957555,0.12067206448288793,-0.15397294661093977,55.473579851972815,-1.4788174752147953,0.0,0.0,0.0,0.0,0.0,0.0,0.0,0.0,0.0,-0.01611328125,0.0,0.01611328125,0.01611328125,-0.0322265625,0.0322265625,0.04833984375
1765449306,94193670,0.0673173492494213,0.01699950691442477,0.1251226540754735,-0.09370672753957555,0.12067206448288793,-0.15397294661093977,55.473579851972815,-1.4788174752147953,0.0,0.0,0.0,0.0,0.0,0.0,0.0,0.0,0.0,0.01611328125,0.01611328125,0.01611328125,0.0322265625,-0.01611328125,0.04833984375,0.064453125
1765449306,121144810,0.0673173492494213,0.01699950691442477,0.1251226540754735,-0.09370672753957555,0.12067206448288793,-0.15397294661093977,55.473579851972815,-1.4788174752147953,0.0,0.0,0.0,0.0,0.0,0.0,0.0,0.0,-0.01611328125,0.0322265625,0.01611328125,0.01611328125,0.01611328125,0.0322265625,0.0322265625,0.01611328125
1765449306,150971308,0.0673173492494213,0.01699950691442477,0.1251226540754735,-0.09370672753957555,0.12067206448288793,-0.15397294661093977,55.473579851972815,-1.4788174752147953,0.0,0.0,0.0,0.0,0.0,0.0,0.0,0.0,0.0322265625,0.0322265625,0.0,0.0,0.0,-0.01611328125,-0.0322265625,0.04833984375
1765449306,184545930,0.0673173492494213,0.01699950691442477,0.1251226540754735,-0.09370672753957555,0.12067206448288793,-0.15397294661093977,55.473579851972815,-1.4788174752147953,0.0,0.0,0.0,0.0,0.0,0.0,0.0,0.0,0.0,0.0322265625,0.0,0.01611328125,0.01611328125,-0.01611328125,0.0322265625,0.0322265625
1765449306,213158156,0.0673173492494213,0.01699950691442477,0.1251226540754735,-0.09370672753957555,0.12067206448288793,-0.15397294661093977,55.473579851972815,-1.4788174752147953,0.0,0.0,0.0,0.0,0.0,0.0,0.0,0.0,0.0,0.0322265625,0.01611328125,0.01611328125,0.01611328125,0.04833984375,0.01611328125,0.0322265625
1765449306,244407405,0.0673173492494213,0.01699950691442477,0.1251226540754735,-0.09370672753957555,0.12067206448288793,-0.15397294661093977,55.473579851972815,-1.4788174752147953,0.0,0.0,0.0,0.0,0.0,0.0,0.0,0.0,-0.01611328125,0.01611328125,-0.04833984375,0.01611328125,-0.064453125,-0.01611328125,0.01611328125,0.04833984375
1765449306,268076981,0.0673173492494213,0.01699950691442477,0.1251226540754735,-0.09370672753957555,0.12067206448288793,-0.15397294661093977,55.473579851972815,-1.4788174752147953,0.0,0.0,0.0,0.0,0.0,0.0,0.0,0.0,0.0,-0.01611328125,0.0,0.0322265625,0.01611328125,-0.01611328125,0.01611328125,0.0322265625
1765449306,293511131,0.0673173492494213,0.01699950691442477,0.1251226540754735,-0.09370672753957555,0.12067206448288793,-0.15397294661093977,55.473579851972815,-1.4788174752147953,0.0,0.0,0.0,0.0,0.0,0.0,0.0,0.0,-0.01611328125,0.0322265625,-0.0322265625,0.0,0.01611328125,-0.01611328125,0.0322265625,0.04833984375
1765449306,315652356,0.0673173492494213,0.01699950691442477,0.1251226540754735,-0.09370672753957555,0.12067206448288793,-0.15397294661093977,55.473579851972815,-1.4788174752147953,0.0,0.0,0.0,0.0,0.0,0.0,0.0,0.0,0.0,0.01611328125,0.0,0.01611328125,0.01611328125,-0.01611328125,0.0322265625,0.0322265625
1765449306,337701998,0.0673173492494213,0.01699950691442477,0.1251226540754735,-0.09370672753957555,0.12067206448288793,-0.15397294661093977,55.473579851972815,-1.4788174752147953,0.0,0.0,0.0,0.0,0.0,0.0,0.0,0.0,0.0,0.0322265625,0.0,0.01611328125,0.01611328125,-0.01611328125,0.01611328125,0.04833984375
1765449306,361030966,0.0673173492494213,0.01699950691442477,0.1251226540754735,-0.09370672753957555,0.12067206448288793,-0.15397294661093977,55.473579851972815,-1.4788174752147953,0.0,0.0,0.0,0.0,0.0,0.0,0.0,0.0,-0.01611328125,0.0322265625,0.01611328125,0.0322265625,0.0322265625,-0.0322265625,0.04833984375,0.04833984375
1765449306,383871870,0.0673173492494213,0.01699950691442477,0.1251226540754735,-0.09370672753957555,0.12067206448288793,-0.15397294661093977,55.473579851972815,-1.4788174752147953,0.0,0.0,0.0,0.0,0.0,0.0,0.0,0.0,0.0,0.01611328125,0.0,0.0322265625,0.0,-0.01611328125,0.0322265625,0.04833984375
1765449306,405872808,0.0673173492494213,0.01699950691442477,0.1251226540754735,-0.09370672753957555,0.12067206448288793,-0.15397294661093977,55.473579851972815,-1.4788174752147953,0.0,0.0,0.0,0.0,0.0,0.0,0.0,0.0,0.0,-0.08056640625,0.01611328125,0.0322265625,0.01611328125,-0.01611328125,0.01611328125,0.0322265625
1765449306,429746128,0.0673173492494213,0.01699950691442477,0.1251226540754735,-0.09370672753957555,0.12067206448288793,-0.15397294661093977,55.473579851972815,-1.4788174752147953,0.0,0.0,0.0,0.0,0.0,0.0,0.0,0.0,-0.01611328125,-0.08056640625,0.0,0.0,0.0,0.0,0.0322265625,0.04833984375
1765449306,464708844,0.0673173492494213,0.01699950691442477,0.1251226540754735,-0.09370672753957555,0.12067206448288793,-0.15397294661093977,55.473579851972815,-1.4788174752147953,0.0,0.0,0.0,0.0,0.0,0.0,0.0,0.0,-0.01611328125,0.01611328125,0.0,0.01611328125,0.0322265625,-0.0322265625,0.01611328125,0.04833984375
1765449306,486733622,0.0673173492494213,0.01699950691442477,0.1251226540754735,-0.09370672753957555,0.12067206448288793,-0.15397294661093977,55.473579851972815,-1.4788174752147953,0.0,0.0,0.0,0.0,0.0,0.0,0.0,0.0,0.0,0.01611328125,0.01611328125,0.01611328125,0.0322265625,-0.01611328125,0.0322265625,0.0322265625
1765449306,508446048,0.0673173492494213,0.01699950691442477,0.1251226540754735,-0.09370672753957555,0.12067206448288793,-0.15397294661093977,55.473579851972815,-1.4788174752147953,0.0,0.0,0.0,0.0,0.0,0.0,0.0,0.0,0.0,0.0322265625,0.0,0.01611328125,0.0,-0.0322265625,0.0322265625,0.04833984375
1765449306,530920617,0.0673173492494213,0.01699950691442477,0.1251226540754735,-0.09370672753957555,0.12067206448288793,-0.15397294661093977,55.473579851972815,-1.4788174752147953,0.0,0.0,0.0,0.0,0.0,0.0,0.0,0.0,0.0,0.01611328125,-0.08056640625,0.01611328125,0.01611328125,-0.0322265625,0.01611328125,0.0322265625
1765449306,552071539,0.0673173492494213,0.01699950691442477,0.1251226540754735,-0.09370672753957555,0.12067206448288793,-0.15397294661093977,55.473579851972815,-1.4788174752147953,0.0,0.0,0.0,0.0,0.0,0.0,0.0,0.0,0.0,0.01611328125,0.0,-0.0322265625,-0.01611328125,-0.01611328125,0.0322265625,0.04833984375
1765449306,572115807,0.0673173492494213,0.01699950691442477,0.1251226540754735,-0.09370672753957555,0.12067206448288793,-0.15397294661093977,55.473579851972815,-1.4788174752147953,0.0,0.0,0.0,0.0,0.0,0.0,0.0,0.0,0.01611328125,0.01611328125,0.0966796875,0.0322265625,0.0,-0.01611328125,0.04833984375,0.064453125
1765449306,592410442,0.0673173492494213,0.01699950691442477,0.1251226540754735,-0.09370672753957555,0.12067206448288793,-0.15397294661093977,55.473579851972815,-1.4788174752147953,0.0,0.0,0.0,0.0,0.0,0.0,0.0,0.0,0.01611328125,0.01611328125,-0.0322265625,0.01611328125,-0.01611328125,-0.01611328125,0.0322265625,0.04833984375
1765449306,612106614,0.0673173492494213,0.01699950691442477,0.1251226540754735,-0.09370672753957555,0.12067206448288793,-0.15397294661093977,55.473579851972815,-1.4788174752147953,0.0,0.0,0.0,0.0,0.0,0.0,0.0,0.0,-0.01611328125,0.0322265625,-0.04833984375,0.01611328125,0.0322265625,0.01611328125,0.0322265625,0.04833984375
1765449306,631822082,0.0673173492494213,0.01699950691442477,0.1251226540754735,-0.09370672753957555,0.12067206448288793,-0.15397294661093977,55.473579851972815,-1.4788174752147953,0.0,0.0,0.0,0.0,0.0,0.0,0.0,0.0,0.0,0.0322265625,0.0,0.01611328125,0.0,-0.0322265625,0.01611328125,0.064453125
1765449306,650844398,0.0673173492494213,0.01699950691442477,0.1251226540754735,-0.09370672753957555,0.12067206448288793,-0.15397294661093977,55.473579851972815,-1.4788174752147953,0.0,0.0,0.0,0.0,0.0,0.0,0.0,0.0,-0.01611328125,0.0,0.0,0.01611328125,0.04833984375,-0.01611328125,0.01611328125,0.0
1765449306,671936761,0.0673173492494213,0.01699950691442477,0.1251226540754735,-0.09370672753957555,0.12067206448288793,-0.15397294661093977,55.473579851972815,-1.4788174752147953,0.0,0.0,0.0,0.0,0.0,0.0,0.0,0.0,0.0,0.0322265625,0.0,0.01611328125,0.01611328125,-0.01611328125,0.0322265625,0.01611328125
1765449306,690995877,0.0673173492494213,0.01699950691442477,0.1251226540754735,-0.09370672753957555,0.12067206448288793,-0.15397294661093977,55.473579851972815,-1.4788174752147953,0.0,0.0,0.0,0.0,0.0,0.0,0.0,0.0,0.0,0.0322265625,0.0,0.01611328125,0.01611328125,0.01611328125,0.0322265625,0.04833984375
1765449306,710528178,0.0673173492494213,0.01699950691442477,0.1251226540754735,-0.09370672753957555,0.12067206448288793,-0.15397294661093977,55.473579851972815,-1.4788174752147953,0.0,0.0,0.0,0.0,0.0,0.0,0.0,0.0,0.0,0.0,0.064453125,0.0,0.0,0.064453125,0.0322265625,0.064453125
1765449306,730955261,0.0673173492494213,0.01699950691442477,0.1251226540754735,-0.09370672753957555,0.12067206448288793,-0.15397294661093977,55.473579851972815,-1.4788174752147953,0.0,0.0,0.0,0.0,0.0,0.0,0.0,0.0,0.01611328125,0.0322265625,0.0,0.01611328125,0.0322265625,0.0,0.0322265625,0.04833984375
1765449306,751076968,0.0673173492494213,0.01699950691442477,0.1251226540754735,-0.09370672753957555,0.12067206448288793,-0.15397294661093977,55.473579851972815,-1.4788174752147953,0.0,0.0,0.0,0.0,0.0,0.0,0.0,0.0,-0.01611328125,0.0,0.01611328125,0.01611328125,0.0322265625,-0.01611328125,0.01611328125,0.04833984375
1765449306,772189011,0.0673173492494213,0.01699950691442477,0.1251226540754735,-0.09370672753957555,0.12067206448288793,-0.15397294661093977,55.473579851972815,-1.4788174752147953,0.0,0.0,0.0,0.0,0.0,0.0,0.0,0.0,0.0,0.01611328125,0.0,0.01611328125,0.0322265625,-0.0322265625,0.01611328125,0.04833984375
1765449306,792463678,0.0673173492494213,0.01699950691442477,0.1251226540754735,-0.09370672753957555,0.12067206448288793,-0.15397294661093977,55.473579851972815,-1.4788174752147953,0.0,0.0,0.0,0.0,0.0,0.0,0.0,0.0,0.0,0.01611328125,0.0,-0.01611328125,0.0322265625,-0.0322265625,0.04833984375,0.04833984375
1765449306,818247908,0.0673173492494213,0.01699950691442477,0.1251226540754735,-0.09370672753957555,0.12067206448288793,-0.15397294661093977,55.473579851972815,-1.4788174752147953,0.0,0.0,0.0,0.0,0.0,0.0,0.0,0.0,0.0,0.0322265625,0.0,0.01611328125,0.01611328125,0.064453125,0.0322265625,0.04833984375
1765449306,838001936,0.0673173492494213,0.01699950691442477,0.1251226540754735,-0.09370672753957555,0.12067206448288793,-0.15397294661093977,55.473579851972815,-1.4788174752147953,0.0,0.0,0.0,0.0,0.0,0.0,0.0,0.0,0.0,-0.01611328125,0.0,0.01611328125,0.01611328125,-0.01611328125,0.0,0.0322265625
1765449306,857863131,0.0673173492494213,0.01699950691442477,0.1251226540754735,-0.09370672753957555,0.12067206448288793,-0.15397294661093977,55.473579851972815,-1.4788174752147953,0.0,0.0,0.0,0.0,0.0,0.0,0.0,0.0,0.0,0.0,0.0,0.01611328125,0.0,-0.01611328125,0.04833984375,0.04833984375
1765449306,876893032,0.0673173492494213,0.01699950691442477,0.1251226540754735,-0.09370672753957555,0.12067206448288793,-0.15397294661093977,55.473579851972815,-1.4788174752147953,0.0,0.0,0.0,0.0,0.0,0.0,0.0,0.0,0.0,-0.01611328125,0.0,0.01611328125,0.01611328125,-0.01611328125,0.01611328125,0.04833984375
1765449306,903561965,0.0673173492494213,0.01699950691442477,0.1251226540754735,-0.09370672753957555,0.12067206448288793,-0.15397294661093977,55.473579851972815,-1.4788174752147953,0.0,0.0,0.0,0.0,0.0,0.0,0.0,0.0,0.01611328125,0.0322265625,0.0,0.01611328125,0.0,0.0,0.0322265625,0.04833984375
1765449306,926029718,0.0673173492494213,0.01699950691442477,0.1251226540754735,-0.09370672753957555,0.12067206448288793,-0.15397294661093977,55.473579851972815,-1.4788174752147953,0.0,0.0,0.0,0.0,0.0,0.0,0.0,0.0,-0.01611328125,0.0322265625,0.0,0.01611328125,0.01611328125,-0.04833984375,0.0322265625,0.0
1765449306,949241054,0.0673173492494213,0.01699950691442477,0.1251226540754735,-0.09370672753957555,0.12067206448288793,-0.15397294661093977,55.473579851972815,-1.4788174752147953,0.0,0.0,0.0,0.0,0.0,0.0,0.0,0.0,-0.01611328125,0.0,-0.04833984375,0.0322265625,0.01611328125,-0.0322265625,0.0322265625,0.0322265625
1765449306,970312553,0.0673173492494213,0.01699950691442477,0.1251226540754735,-0.09370672753957555,0.12067206448288793,-0.15397294661093977,55.473579851972815,-1.4788174752147953,0.0,0.0,0.0,0.0,0.0,0.0,0.0,0.0,0.0,0.0322265625,0.0,0.01611328125,0.0,-0.0322265625,0.01611328125,0.01611328125
1765449306,991369459,0.0673173492494213,0.01699950691442477,0.1251226540754735,-0.09370672753957555,0.12067206448288793,-0.15397294661093977,55.473579851972815,-1.4788174752147953,0.0,0.0,0.0,0.0,0.0,0.0,0.0,0.0,0.0,0.01611328125,0.0,0.0,0.01611328125,-0.01611328125,0.04833984375,0.0322265625
1765449307,12351710,0.0673173492494213,0.01699950691442477,0.1251226540754735,-0.09370672753957555,0.12067206448288793,-0.15397294661093977,55.473579851972815,-1.4788174752147953,0.0,0.0,0.0,0.0,0.0,0.0,0.0,0.0,0.0,-0.01611328125,0.0,0.01611328125,0.01611328125,0.0,0.0322265625,0.04833984375
1765449307,33900648,0.0673173492494213,0.01699950691442477,0.1251226540754735,-0.09370672753957555,0.12067206448288793,-0.15397294661093977,55.473579851972815,-1.4788174752147953,0.0,0.0,0.0,0.0,0.0,0.0,0.0,0.0,0.0,0.01611328125,0.0,0.0322265625,0.01611328125,0.01611328125,0.0322265625,0.04833984375
1765449307,58885103,0.0673173492494213,0.01699950691442477,0.1251226540754735,-0.09370672753957555,0.12067206448288793,-0.15397294661093977,55.473579851972815,-1.4788174752147953,0.0,0.0,0.0,0.0,0.0,0.0,0.0,0.0,0.0,0.0,-0.0322265625,0.01611328125,0.01611328125,-0.01611328125,0.0322265625,0.0322265625
1765449307,79410778,0.0673173492494213,0.01699950691442477,0.1251226540754735,-0.09370672753957555,0.12067206448288793,-0.15397294661093977,55.473579851972815,-1.4788174752147953,0.0,0.0,0.0,0.0,0.0,0.0,0.0,0.0,0.01611328125,0.0322265625,0.0,0.01611328125,0.01611328125,-0.01611328125,0.04833984375,0.0322265625
1765449307,100199941,0.0673173492494213,0.01699950691442477,0.1251226540754735,-0.09370672753957555,0.12067206448288793,-0.15397294661093977,55.473579851972815,-1.4788174752147953,0.0,0.0,0.0,0.0,0.0,0.0,0.0,0.0,0.0,0.0,-0.0322265625,-0.0322265625,0.01611328125,-0.01611328125,-0.01611328125,0.04833984375
1765449307,124361133,0.0673173492494213,0.01699950691442477,0.1251226540754735,-0.09370672753957555,0.12067206448288793,-0.15397294661093977,55.473579851972815,-1.4788174752147953,0.0,0.0,0.0,0.0,0.0,0.0,0.0,0.0,0.0,0.0322265625,0.0,-0.0322265625,0.0,-0.01611328125,0.01611328125,0.0322265625
1765449307,147269686,0.0673173492494213,0.01699950691442477,0.1251226540754735,-0.09370672753957555,0.12067206448288793,-0.15397294661093977,55.473579851972815,-1.4788174752147953,0.0,0.0,0.0,0.0,0.0,0.0,0.0,0.0,0.0,0.0322265625,-0.0322265625,0.01611328125,0.01611328125,-0.0322265625,0.0322265625,0.04833984375
1765449307,168213345,0.0673173492494213,0.01699950691442477,0.1251226540754735,-0.09370672753957555,0.12067206448288793,-0.15397294661093977,55.473579851972815,-1.4788174752147953,0.0,0.0,0.0,0.0,0.0,0.0,0.0,0.0,0.0,0.01611328125,0.01611328125,0.01611328125,0.0322265625,-0.01611328125,0.0322265625,0.04833984375
1765449307,189683531,0.0673173492494213,0.01699950691442477,0.1251226540754735,-0.09370672753957555,0.12067206448288793,-0.15397294661093977,55.473579851972815,-1.4788174752147953,0.0,0.0,0.0,0.0,0.0,0.0,0.0,0.0,0.0,0.01611328125,0.0,0.01611328125,0.01611328125,-0.01611328125,0.01611328125,0.04833984375
1765449307,210034006,0.0673173492494213,0.01699950691442477,0.1251226540754735,-0.09370672753957555,0.12067206448288793,-0.15397294661093977,55.473579851972815,-1.4788174752147953,0.0,0.0,0.0,0.0,0.0,0.0,0.0,0.0,0.0,0.0322265625,0.0,0.01611328125,0.0,0.01611328125,0.0322265625,0.0322265625
1765449307,230036834,0.0673173492494213,0.01699950691442477,0.1251226540754735,-0.09370672753957555,0.12067206448288793,-0.15397294661093977,55.473579851972815,-1.4788174752147953,0.0,0.0,0.0,0.0,0.0,0.0,0.0,0.0,0.0,0.01611328125,0.0,0.01611328125,0.04833984375,-0.01611328125,0.01611328125,0.0
1765449307,250059982,0.0673173492494213,0.01699950691442477,0.1251226540754735,-0.09370672753957555,0.12067206448288793,-0.15397294661093977,55.473579851972815,-1.4788174752147953,0.0,0.0,0.0,0.0,0.0,0.0,0.0,0.0,0.0,0.01611328125,-0.0322265625,0.0,0.01611328125,-0.0322265625,0.0322265625,0.04833984375
1765449307,269985082,0.0673173492494213,0.01699950691442477,0.1251226540754735,-0.09370672753957555,0.12067206448288793,-0.15397294661093977,55.473579851972815,-1.4788174752147953,0.0,0.0,0.0,0.0,0.0,0.0,0.0,0.0,0.0,0.01611328125,0.0322265625,0.01611328125,0.01611328125,0.0,0.0322265625,0.0322265625
1765449307,289987942,0.0673173492494213,0.01699950691442477,0.1251226540754735,-0.09370672753957555,0.12067206448288793,-0.15397294661093977,55.473579851972815,-1.4788174752147953,0.0,0.0,0.0,0.0,0.0,0.0,0.0,0.0,0.01611328125,0.01611328125,0.0,0.01611328125,0.01611328125,-0.0322265625,-0.01611328125,0.0322265625
1765449307,308382451,0.0673173492494213,0.01699950691442477,0.1251226540754735,-0.09370672753957555,0.12067206448288793,-0.15397294661093977,55.473579851972815,-1.4788174752147953,0.0,0.0,0.0,0.0,0.0,0.0,0.0,0.0,0.0,0.04833984375,0.0,0.01611328125,0.01611328125,-0.01611328125,0.01611328125,0.04833984375
1765449307,328476511,0.0673173492494213,0.01699950691442477,0.1251226540754735,-0.09370672753957555,0.12067206448288793,-0.15397294661093977,55.473579851972815,-1.4788174752147953,0.0,0.0,0.0,0.0,0.0,0.0,0.0,0.0,-0.01611328125,0.0,0.01611328125,0.01611328125,0.01611328125,-0.0322265625,0.0322265625,0.04833984375
1765449307,349153802,0.0673173492494213,0.01699950691442477,0.1251226540754735,-0.09370672753957555,0.12067206448288793,-0.15397294661093977,55.473579851972815,-1.4788174752147953,0.0,0.0,0.0,0.0,0.0,0.0,0.0,0.0,-0.01611328125,-0.01611328125,0.0,0.01611328125,0.01611328125,-0.0322265625,0.0322265625,0.04833984375
1765449307,367629463,0.0673173492494213,0.01699950691442477,0.1251226540754735,-0.09370672753957555,0.12067206448288793,-0.15397294661093977,55.473579851972815,-1.4788174752147953,0.0,0.0,0.0,0.0,0.0,0.0,0.0,0.0,0.0,0.01611328125,0.0,0.01611328125,0.01611328125,0.0322265625,0.04833984375,0.04833984375
1765449307,387489859,0.0673173492494213,0.01699950691442477,0.1251226540754735,-0.09370672753957555,0.12067206448288793,-0.15397294661093977,55.473579851972815,-1.4788174752147953,0.0,0.0,0.0,0.0,0.0,0.0,0.0,0.0,-0.01611328125,0.0,0.0,0.01611328125,0.01611328125,-0.0322265625,0.04833984375,0.04833984375
1765449307,407425679,0.0673173492494213,0.01699950691442477,0.1251226540754735,-0.09370672753957555,0.12067206448288793,-0.15397294661093977,55.473579851972815,-1.4788174752147953,0.0,0.0,0.0,0.0,0.0,0.0,0.0,0.0,0.01611328125,0.01611328125,0.0,0.0322265625,0.0322265625,-0.0322265625,0.0322265625,0.04833984375
1765449307,428809881,0.0673173492494213,0.01699950691442477,0.1251226540754735,-0.09370672753957555,0.12067206448288793,-0.15397294661093977,55.473579851972815,-1.4788174752147953,0.0,0.0,0.0,0.0,0.0,0.0,0.0,0.0,-0.01611328125,0.0322265625,0.01611328125,0.0322265625,0.01611328125,0.0,0.04833984375,0.04833984375
1765449307,448962757,0.0673173492494213,0.01699950691442477,0.1251226540754735,-0.09370672753957555,0.12067206448288793,-0.15397294661093977,55.473579851972815,-1.4788174752147953,0.0,0.0,0.0,0.0,0.0,0.0,0.0,0.0,0.0,0.0322265625,0.0,0.01611328125,0.0322265625,-0.01611328125,0.0322265625,0.064453125
1765449307,473128748,0.0673173492494213,0.01699950691442477,0.1251226540754735,-0.09370672753957555,0.12067206448288793,-0.15397294661093977,55.473579851972815,-1.4788174752147953,0.0,0.0,0.0,0.0,0.0,0.0,0.0,0.0,0.01611328125,0.0322265625,0.0,-0.0322265625,-0.01611328125,-0.0322265625,0.0322265625,0.0
1765449307,494989494,0.0673173492494213,0.01699950691442477,0.1251226540754735,-0.09370672753957555,0.12067206448288793,-0.15397294661093977,55.473579851972815,-1.4788174752147953,0.0,0.0,0.0,0.0,0.0,0.0,0.0,0.0,0.01611328125,0.04833984375,0.0,0.01611328125,0.0,0.0,0.0322265625,0.01611328125
1765449307,515302594,0.0673173492494213,0.01699950691442477,0.1251226540754735,-0.09370672753957555,0.12067206448288793,-0.15397294661093977,55.473579851972815,-1.4788174752147953,0.0,0.0,0.0,0.0,0.0,0.0,0.0,0.0,-0.01611328125,0.0322265625,0.01611328125,0.01611328125,0.0322265625,-0.01611328125,0.0,0.04833984375
1765449307,537198988,0.0673173492494213,0.01699950691442477,0.1251226540754735,-0.09370672753957555,0.12067206448288793,-0.15397294661093977,55.473579851972815,-1.4788174752147953,0.0,0.0,0.0,0.0,0.0,0.0,0.0,0.0,0.0322265625,0.0322265625,0.0,0.01611328125,-0.064453125,-0.0322265625,0.04833984375,0.04833984375
1765449307,558910102,0.0673173492494213,0.01699950691442477,0.1251226540754735,-0.09370672753957555,0.12067206448288793,-0.15397294661093977,55.473579851972815,-1.4788174752147953,0.0,0.0,0.0,0.0,0.0,0.0,0.0,0.0,-0.01611328125,0.04833984375,0.0,0.01611328125,0.01611328125,-0.01611328125,0.0322265625,0.04833984375
1765449307,581612063,0.0673173492494213,0.01699950691442477,0.1251226540754735,-0.09370672753957555,0.12067206448288793,-0.15397294661093977,55.473579851972815,-1.4788174752147953,0.0,0.0,0.0,0.0,0.0,0.0,0.0,0.0,0.0322265625,0.04833984375,0.064453125,0.01611328125,0.0,-0.01611328125,0.0322265625,0.04833984375
1765449307,604149288,0.0673173492494213,0.01699950691442477,0.1251226540754735,-0.09370672753957555,0.12067206448288793,-0.15397294661093977,55.473579851972815,-1.4788174752147953,0.0,0.0,0.0,0.0,0.0,0.0,0.0,0.0,0.01611328125,0.01611328125,-0.04833984375,0.01611328125,0.0322265625,0.01611328125,-0.04833984375,0.04833984375
1765449307,626571409,0.0673173492494213,0.01699950691442477,0.1251226540754735,-0.09370672753957555,0.12067206448288793,-0.15397294661093977,55.473579851972815,-1.4788174752147953,0.0,0.0,0.0,0.0,0.0,0.0,0.0,0.0,-0.01611328125,0.0,0.0,-0.04833984375,0.0322265625,-0.01611328125,0.04833984375,0.0322265625
1765449307,648700091,0.0673173492494213,0.01699950691442477,0.1251226540754735,-0.09370672753957555,0.12067206448288793,-0.15397294661093977,55.473579851972815,-1.4788174752147953,0.0,0.0,0.0,0.0,0.0,0.0,0.0,0.0,0.0,-0.01611328125,-0.0322265625,0.01611328125,0.0,0.0,0.0322265625,0.04833984375
1765449307,669869734,0.0673173492494213,0.01699950691442477,0.1251226540754735,-0.09370672753957555,0.12067206448288793,-0.15397294661093977,55.473579851972815,-1.4788174752147953,0.0,0.0,0.0,0.0,0.0,0.0,0.0,0.0,0.0,0.0322265625,0.0,0.0,0.01611328125,-0.01611328125,0.04833984375,0.04833984375
1765449307,690361137,0.0673173492494213,0.01699950691442477,0.1251226540754735,-0.09370672753957555,0.12067206448288793,-0.15397294661093977,55.473579851972815,-1.4788174752147953,0.0,0.0,0.0,0.0,0.0,0.0,0.0,0.0,0.0,0.0,0.04833984375,0.01611328125,-0.064453125,0.0,0.01611328125,0.064453125
1765449307,711030780,0.0673173492494213,0.01699950691442477,0.1251226540754735,-0.09370672753957555,0.12067206448288793,-0.15397294661093977,55.473579851972815,-1.4788174752147953,0.0,0.0,0.0,0.0,0.0,0.0,0.0,0.0,0.0,0.0,0.0322265625,0.0322265625,0.0322265625,-0.01611328125,0.0322265625,0.04833984375
1765449307,731754407,0.0673173492494213,0.01699950691442477,0.1251226540754735,-0.09370672753957555,0.12067206448288793,-0.15397294661093977,55.473579851972815,-1.4788174752147953,0.0,0.0,0.0,0.0,0.0,0.0,0.0,0.0,-0.01611328125,0.0322265625,0.0,0.01611328125,0.0,-0.01611328125,0.01611328125,0.04833984375
1765449307,754552688,0.0673173492494213,0.01699950691442477,0.1251226540754735,-0.09370672753957555,0.12067206448288793,-0.15397294661093977,55.473579851972815,-1.4788174752147953,0.0,0.0,0.0,0.0,0.0,0.0,0.0,0.0,-0.01611328125,0.0322265625,-0.04833984375,0.01611328125,0.0322265625,0.064453125,0.0322265625,0.0322265625
1765449307,775426587,0.0673173492494213,0.01699950691442477,0.1251226540754735,-0.09370672753957555,0.12067206448288793,-0.15397294661093977,55.473579851972815,-1.4788174752147953,0.0,0.0,0.0,0.0,0.0,0.0,0.0,0.0,0.0,0.0322265625,-0.04833984375,0.01611328125,0.01611328125,-0.0322265625,0.0322265625,0.0
1765449307,797683141,0.0673173492494213,0.01699950691442477,0.1251226540754735,-0.09370672753957555,0.12067206448288793,-0.15397294661093977,55.473579851972815,-1.4788174752147953,0.0,0.0,0.0,0.0,0.0,0.0,0.0,0.0,0.0322265625,0.0322265625,0.0,0.0,0.0322265625,-0.01611328125,0.0322265625,0.04833984375
1765449307,819443407,0.0673173492494213,0.01699950691442477,0.1251226540754735,-0.09370672753957555,0.12067206448288793,-0.15397294661093977,55.473579851972815,-1.4788174752147953,0.0,0.0,0.0,0.0,0.0,0.0,0.0,0.0,0.0,0.0322265625,-0.04833984375,0.0,0.0,-0.01611328125,0.04833984375,0.04833984375
1765449307,844106902,0.0673173492494213,0.01699950691442477,0.1251226540754735,-0.09370672753957555,0.12067206448288793,-0.15397294661093977,55.473579851972815,-1.4788174752147953,0.0,0.0,0.0,0.0,0.0,0.0,0.0,0.0,-0.01611328125,-0.08056640625,-0.01611328125,0.0322265625,-0.01611328125,-0.01611328125,0.0322265625,0.064453125
1765449307,866363647,0.0673173492494213,0.01699950691442477,0.1251226540754735,-0.09370672753957555,0.12067206448288793,-0.15397294661093977,55.473579851972815,-1.4788174752147953,0.0,0.0,0.0,0.0,0.0,0.0,0.0,0.0,0.0,0.01611328125,0.0,0.0,0.01611328125,-0.01611328125,0.0322265625,0.04833984375
1765449307,887706922,0.0673173492494213,0.01699950691442477,0.1251226540754735,-0.09370672753957555,0.12067206448288793,-0.15397294661093977,55.473579851972815,-1.4788174752147953,0.0,0.0,0.0,0.0,0.0,0.0,0.0,0.0,0.0,0.0322265625,0.01611328125,0.0322265625,0.0322265625,-0.0322265625,0.0322265625,0.064453125
1765449307,909233460,0.0673173492494213,0.01699950691442477,0.1251226540754735,-0.09370672753957555,0.12067206448288793,-0.15397294661093977,55.473579851972815,-1.4788174752147953,0.0,0.0,0.0,0.0,0.0,0.0,0.0,0.0,0.0,0.01611328125,0.0,0.0322265625,0.0,-0.0322265625,0.0322265625,0.04833984375
1765449307,931073406,0.0673173492494213,0.01699950691442477,0.1251226540754735,-0.09370672753957555,0.12067206448288793,-0.15397294661093977,55.473579851972815,-1.4788174752147953,0.0,0.0,0.0,0.0,0.0,0.0,0.0,0.0,0.0,0.0,-0.0322265625,0.01611328125,0.0322265625,-0.01611328125,0.0322265625,0.04833984375
1765449307,954889158,0.0673173492494213,0.01699950691442477,0.1251226540754735,-0.09370672753957555,0.12067206448288793,-0.15397294661093977,55.473579851972815,-1.4788174752147953,0.0,0.0,0.0,0.0,0.0,0.0,0.0,0.0,0.0,0.01611328125,-0.0322265625,0.0322265625,0.01611328125,-0.01611328125,0.0322265625,0.064453125
1765449307,981102699,0.0673173492494213,0.01699950691442477,0.1251226540754735,-0.09370672753957555,0.12067206448288793,-0.15397294661093977,55.473579851972815,-1.4788174752147953,0.0,0.0,0.0,0.0,0.0,0.0,0.0,0.0,0.0,0.0322265625,-0.04833984375,0.01611328125,0.01611328125,-0.01611328125,0.01611328125,0.04833984375
1765449308,3003317,0.0673173492494213,0.01699950691442477,0.1251226540754735,-0.09370672753957555,0.12067206448288793,-0.15397294661093977,55.473579851972815,-1.4788174752147953,0.0,0.0,0.0,0.0,0.0,0.0,0.0,0.0,0.0,0.0322265625,-0.0322265625,0.01611328125,0.0322265625,-0.01611328125,0.0,0.0322265625
1765449308,27244413,0.0673173492494213,0.01699950691442477,0.1251226540754735,-0.09370672753957555,0.12067206448288793,-0.15397294661093977,55.473579851972815,-1.4788174752147953,0.0,0.0,0.0,0.0,0.0,0.0,0.0,0.0,0.0,0.01611328125,0.0,0.0,0.0322265625,-0.0322265625,0.01611328125,0.04833984375
1765449308,47068009,0.0673173492494213,0.01699950691442477,0.1251226540754735,-0.09370672753957555,0.12067206448288793,-0.15397294661093977,55.473579851972815,-1.4788174752147953,0.0,0.0,0.0,0.0,0.0,0.0,0.0,0.0,0.0,0.01611328125,0.01611328125,0.01611328125,0.01611328125,-0.0322265625,0.0322265625,0.0322265625
1765449308,70297298,0.0673173492494213,0.01699950691442477,0.1251226540754735,-0.09370672753957555,0.12067206448288793,-0.15397294661093977,55.473579851972815,-1.4788174752147953,0.0,0.0,0.0,0.0,0.0,0.0,0.0,0.0,0.0,0.0,0.0,0.01611328125,0.01611328125,-0.0322265625,0.04833984375,0.064453125
1765449308,92687547,0.0673173492494213,0.01699950691442477,0.1251226540754735,-0.09370672753957555,0.12067206448288793,-0.15397294661093977,55.473579851972815,-1.4788174752147953,0.0,0.0,0.0,0.0,0.0,0.0,0.0,0.0,0.0,0.0,0.0,0.01611328125,0.01611328125,-0.01611328125,0.01611328125,0.04833984375
1765449308,117082723,0.0673173492494213,0.01699950691442477,0.1251226540754735,-0.09370672753957555,0.12067206448288793,-0.15397294661093977,55.473579851972815,-1.4788174752147953,0.0,0.0,0.0,0.0,0.0,0.0,0.0,0.0,0.0,0.0322265625,0.0,0.0,0.0322265625,-0.01611328125,0.0322265625,0.0322265625
1765449308,138509517,0.0673173492494213,0.01699950691442477,0.1251226540754735,-0.09370672753957555,0.12067206448288793,-0.15397294661093977,55.473579851972815,-1.4788174752147953,0.0,0.0,0.0,0.0,0.0,0.0,0.0,0.0,0.0,0.01611328125,-0.0322265625,0.01611328125,0.01611328125,-0.0322265625,0.04833984375,0.064453125
1765449308,160095000,0.0673173492494213,0.01699950691442477,0.1251226540754735,-0.09370672753957555,0.12067206448288793,-0.15397294661093977,55.473579851972815,-1.4788174752147953,0.0,0.0,0.0,0.0,0.0,0.0,0.0,0.0,0.0,0.01611328125,-0.064453125,0.01611328125,0.0,0.04833984375,0.0,0.04833984375
1765449308,180924931,0.0673173492494213,0.01699950691442477,0.1251226540754735,-0.09370672753957555,0.12067206448288793,-0.15397294661093977,55.473579851972815,-1.4788174752147953,0.0,0.0,0.0,0.0,0.0,0.0,0.0,0.0,0.0,-0.08056640625,0.04833984375,0.01611328125,0.0322265625,-0.01611328125,0.04833984375,0.0322265625
1765449308,203997356,0.0673173492494213,0.01699950691442477,0.1251226540754735,-0.09370672753957555,0.12067206448288793,-0.15397294661093977,55.473579851972815,-1.4788174752147953,0.0,0.0,0.0,0.0,0.0,0.0,0.0,0.0,0.0,0.0,-0.04833984375,0.0322265625,0.0322265625,-0.01611328125,0.04833984375,0.04833984375
1765449308,227347988,0.0673173492494213,0.01699950691442477,0.1251226540754735,-0.09370672753957555,0.12067206448288793,-0.15397294661093977,55.473579851972815,-1.4788174752147953,0.0,0.0,0.0,0.0,0.0,0.0,0.0,0.0,0.0,-0.01611328125,0.0,0.0322265625,0.01611328125,-0.01611328125,0.01611328125,0.04833984375
1765449308,249556606,0.0673173492494213,0.01699950691442477,0.1251226540754735,-0.09370672753957555,0.12067206448288793,-0.15397294661093977,55.473579851972815,-1.4788174752147953,0.0,0.0,0.0,0.0,0.0,0.0,0.0,0.0,0.0,0.01611328125,0.0,0.0322265625,0.01611328125,0.0,0.04833984375,0.04833984375
1765449308,273490726,0.0673173492494213,0.01699950691442477,0.1251226540754735,-0.09370672753957555,0.12067206448288793,-0.15397294661093977,55.473579851972815,-1.4788174752147953,0.0,0.0,0.0,0.0,0.0,0.0,0.0,0.0,-0.01611328125,0.01611328125,0.0,0.0322265625,0.01611328125,0.0,0.0322265625,0.04833984375
1765449308,294176657,0.0673173492494213,0.01699950691442477,0.1251226540754735,-0.09370672753957555,0.12067206448288793,-0.15397294661093977,55.473579851972815,-1.4788174752147953,0.0,0.0,0.0,0.0,0.0,0.0,0.0,0.0,0.0,0.01611328125,0.0,0.0322265625,0.0322265625,-0.01611328125,0.0322265625,0.0322265625
1765449308,317377210,0.0673173492494213,0.01699950691442477,0.1251226540754735,-0.09370672753957555,0.12067206448288793,-0.15397294661093977,55.473579851972815,-1.4788174752147953,0.0,0.0,0.0,0.0,0.0,0.0,0.0,0.0,0.0,0.01611328125,0.01611328125,0.0322265625,0.01611328125,-0.01611328125,0.0322265625,0.04833984375
1765449308,340425955,0.0673173492494213,0.01699950691442477,0.1251226540754735,-0.09370672753957555,0.12067206448288793,-0.15397294661093977,55.473579851972815,-1.4788174752147953,0.0,0.0,0.0,0.0,0.0,0.0,0.0,0.0,0.0,0.0322265625,0.0,0.01611328125,0.0322265625,0.01611328125,0.0322265625,0.0322265625
1765449308,362541613,0.0673173492494213,0.01699950691442477,0.1251226540754735,-0.09370672753957555,0.12067206448288793,-0.15397294661093977,55.473579851972815,-1.4788174752147953,0.0,0.0,0.0,0.0,0.0,0.0,0.0,0.0,0.0,0.0322265625,-0.0322265625,0.01611328125,0.01611328125,-0.01611328125,0.01611328125,0.04833984375
1765449308,384679063,0.0673173492494213,0.01699950691442477,0.1251226540754735,-0.09370672753957555,0.12067206448288793,-0.15397294661093977,55.473579851972815,-1.4788174752147953,0.0,0.0,0.0,0.0,0.0,0.0,0.0,0.0,-0.01611328125,0.01611328125,0.0,0.01611328125,0.01611328125,-0.0322265625,-0.0322265625,0.04833984375
1765449308,406593601,0.0673173492494213,0.01699950691442477,0.1251226540754735,-0.09370672753957555,0.12067206448288793,-0.15397294661093977,55.473579851972815,-1.4788174752147953,0.0,0.0,0.0,0.0,0.0,0.0,0.0,0.0,-0.01611328125,-0.08056640625,0.0,0.0322265625,0.01611328125,0.0,0.0322265625,0.0322265625
1765449308,432376583,0.0673173492494213,0.01699950691442477,0.1251226540754735,-0.09370672753957555,0.12067206448288793,-0.15397294661093977,55.473579851972815,-1.4788174752147953,0.0,0.0,0.0,0.0,0.0,0.0,0.0,0.0,0.0,0.01611328125,0.0,0.0322265625,0.01611328125,-0.01611328125,0.0,0.04833984375
1765449308,454352945,0.0673173492494213,0.01699950691442477,0.1251226540754735,-0.09370672753957555,0.12067206448288793,-0.15397294661093977,55.473579851972815,-1.4788174752147953,0.0,0.0,0.0,0.0,0.0,0.0,0.0,0.0,0.0,0.0,0.01611328125,0.01611328125,0.0,-0.01611328125,0.0322265625,0.01611328125
1765449308,476331835,0.0673173492494213,0.01699950691442477,0.1251226540754735,-0.09370672753957555,0.12067206448288793,-0.15397294661093977,55.473579851972815,-1.4788174752147953,0.0,0.0,0.0,0.0,0.0,0.0,0.0,0.0,0.0,0.0322265625,0.0,0.0,0.0322265625,0.0322265625,0.0322265625,0.0322265625
